coin,txid,date_utc,destination,amount,usd_rate,usd_value
BTC,e4231ea2a398d0892667e1211fab16342c33cfbb92fa684eca3251cbb5bb5582,2025-02-21,bc1q9kg9nul8uk0ahxgrzx06u7yd3us5l2mjh44xem,0.03913161,98305.01,3846.83
BTC,e887892eb6a65862c94f3a79227520fbab726c8f0dd0046b5d6b75ac3bb8462b,2025-01-19,bc1qmhzyuwyqxgj5v0epyf8ffe70p8l35wk2g0338w,0.02301074,104556.23,2405.92
BTC,66228c7649d75a0151ca94da8d2759f95aa8fecb6dc7ed49217eb7f7c5bb36c4,2025-01-14,bc1qpm7da6davdu8ht23xr4add8gn2sns9p38s7za6,0.07296854,94536.11,6898.16
BTC,c8656b597591d662e55e6aa688739c023454b376e893ac6079f0d29a69072e51,2024-12-22,bc1qp2dsrjs02jchzxqlk9whxq4mm20ttv5j4dr4qy,0.07420285,97292.00,7219.34
BTC,b3e9855aaaa8b6c26e8301f7ea41204682bca0dd09e596e8ac15074348578592,2024-11-19,bc1qmc6g7x0td9sla69haekdczy4m66jgxr3syr974,0.08946350,90464.07,8093.23
BTC,263b2b16912899d1b445b5878cabd4fa90d4996473afcba7891160b301280fc8,2024-10-07,bc1qvum28rjyx3tss9n7nzdypwlcthe6hj7jfx5vaw,0.05984064,62819.91,3759.18
BTC,763d14b00e4531e0e584ed1f25be832c6f91edec41dae1bddd6c4a9d43fa3667,2024-10-07,bc1qwgs0jp5z0e6t9g3em7knhvjhf8ng90rkycy887,0.08339087,62819.91,5238.61
BTC,d09e2913531517773a47465654c3dc392383e70a7d95e673dc38dea81f49d2bb,2024-10-05,bc1qhdqlstp0kyvkn9n5w5j0emunj24ydkxrcnu5wg,0.11556767,62086.00,7175.13
BTC,7f92c83104f4ed490f031bed60c8c6aa93a99046fdbe9bcffcc7a096b92e003a,2024-10-06,bc1qq6nvndw6zh70nc3whu6nxjj4lt24zauwjn4jet,0.02168184,62058.01,1345.53
BTC,529532f37945ea67e6be8f91fa8298bc446ec1ac14e9a4e77c32f5fd11fc105b,2024-12-07,bc1q0j7kynwqfexql6zwujv7wnzfgrhdvdxuexlzsw,0.05133682,99740.84,5120.38
BTC,eafb7a4b28f36c0c392268335aa4b26f8308880720c57ad0f81e4f7327de947b,2025-04-29,12Wb77wD8zS7W4f6oGG7WyjMayxxh7Lqw4,0.02000000,95011.18,1900.22
BTC,eafb7a4b28f36c0c392268335aa4b26f8308880720c57ad0f81e4f7327de947b,2025-04-29,bc1qla7ypxpv233rru9m4klrdxy8fasx23uxu4wn93,0.05033239,95011.18,4782.14
BTC,0cb8db1d39fb37cc6e207898532d5d2baee634c47bcef8e1c4f4f5ddd4be660e,2025-04-22,1ALghftdrNP4XKKrrUQemu9Ss99xMwqoZN,0.00328287,87516.22,287.30
BTC,0cb8db1d39fb37cc6e207898532d5d2baee634c47bcef8e1c4f4f5ddd4be660e,2025-04-22,bc1q89lwjmnf4rkcs75angdh6kft87cdgmpty76mw4,0.07831558,87516.22,6853.88
BTC,e03448a166bedafca82c93116942987a72e9ced15ac447a9bf4488b9dc8cbedb,2025-04-20,bc1q44kvhhalp3yfvpny7l7jd8yrz8aghkywdgxqmu,0.11568080,85077.00,9841.78
BTC,c330a17575521fc90aece4b9a6582cd586356741cbf1b5fbe5464cead95bc836,2025-03-11,bc1qn3puvpu5ax3ydwnvh2k7qf2wdgwlxzqjptfsa3,0.06666427,78595.86,5239.54
BTC,c4a1da43e27d91868fb2f3c2be2bdc11662adcf58d0e73d07ddc3ab7dfa884de,2025-02-11,bc1qyg4463hz9hu0dt8htrgthqxnxmeqfmu4elnp2s,0.07075560,97430.82,6893.78
BTC,9c2be08eb9c2ad20ac68b57e1496fbeb0cdaba4d4938b75cce7a58b2176cc994,2024-11-07,bc1qsn3r6g307mw7cv66zfq82p0n5vkmjl2macdl7j,0.05425842,75571.99,4100.42
BTC,71727fcf9fb3983f13115153fce5ab052721a60f34bf8066781afe09ecef7688,2024-11-03,bc1qdgshd4wnj5nk6v8n56c9dt54t4sd552dhy9leu,0.03966540,69374.74,2751.78
BTC,9aca0d9e8959765967e1cb92cb94f4c18767d56affe11f5b48a7d8021dd4759b,2024-11-02,bc1qm5eme059n7dczpzzqj37tu0lr4fhyf4rlxf949,0.08544371,69496.00,5938.00
BTC,290bf6c894b8f4f7468915fff69c00d7a440e9687d23701fae79d0fd4fee1053,2024-10-31,bc1qypzjs35kcuxjun4nw3ay8k3rw2kwnqgr02cf2d,0.06577008,72344.75,4758.12
BTC,24eed639337bb7e2aecdea3965be60e7ca38a15b94029d723b41655cacd64350,2024-10-28,bc1qhu8529t626n46qpaxzygggw47q2pqnttteh3l8,0.06444233,68021.69,4383.48
BTC,ffe8d65d7426a130a40340c65042d84075efba71336f9562067660ca0893e3a3,2024-11-06,bc1qv969ah2efy5yfz26cw623sy39wjfc8208kntv6,0.04025538,69372.01,2792.60
BTC,3562b2e60b752c2e68e4d0b1a8a66a456786b636fbee9edefdf4160fb9a92659,2024-10-15,bc1q220uuealwzusv3k2f525d7a90rud3em2pvy8ry,0.11047572,66084.00,7300.68
BTC,3608dce568118af4a06f41786797ccaebe37a3de608b846be9864c7ff5154d01,2024-10-13,bc1qzdhpz3wtshlx6q5uhrttlx4epsxj27277vnqfa,0.08385446,63206.23,5300.12
BTC,f05329e13e6521132a51fc0a623c71cd6f77a93a32bc5ed81edeb1d028f57d8c,2024-10-09,bc1qeck0ra06550vp2m6ntx0vade6ucn2ma2eemqtv,0.11404625,62160.50,7089.17
BTC,7ca0ec57976446bcbe073a79067b385d26b5bb49294a4f6f13bfae6e7e88a958,2025-04-05,1ALghftdrNP4XKKrrUQemu9Ss99xMwqoZN,0.00361717,83889.87,303.44
BTC,7ca0ec57976446bcbe073a79067b385d26b5bb49294a4f6f13bfae6e7e88a958,2025-04-05,bc1qpr47qkdylsvh40j49luw3zus22wpqegquauvhl,0.04212051,83889.87,3533.48
BTC,5374e6e8fe0999184a044ab1af296d37dd72a43a56578e0f3d18b877e10dbf2c,2025-03-22,bc1qzm3pfj6spnek4hu4u24795lwg42rqh89avvn7f,0.02101952,84088.79,1767.51
BTC,c0d22ad42ee8c54079b3c43bab41677ea61405bf9a300f940fc8c5c07fc7b8c3,2025-03-06,bc1qql73rwl04hqqjy8w87plyvzpvunw4t7ex47jj6,0.05729699,90606.00,5191.45
BTC,c272e82d665a0f190a25cc99c2fcff24b0e5aef858f9cb70abc161e112b76326,2025-02-18,bc1qmfu960z2vqu9myjeed59nhl0qc4qld85glsw5j,0.07333878,95780.01,7024.39
BTC,6cca9dfc5333c629065110c272a8cd7fd2620276963181a85d1918914148470c,2024-10-19,bc1qd6pq3gjusn6wctjgleq64w9agujctznlzh4wrv,0.03785440,68427.99,2590.30
BTC,f3312208aa2409266cacb609d4ef606d17130b5e7b4739e6cec3df7fd78b0b28,2024-10-10,bc1qzyc8d4585dpun2ycteu9r0zmpvdketkqvp7rc8,0.19490345,60636.01,11818.17
BTC,aec85aa58b806552e7ee7385b5e63bb63ce59cf21b9427fe4852d588cc5ae3df,2024-12-03,bc1qr34mky7nfcct8033lg655e2t46azg6awrn4w7g,0.03919596,95840.61,3756.56
BTC,5bb981c0eaef4b444546564f0a28581513dc5bd9f310a5f85e20026fc011fdfc,2024-11-28,bc1qj0cvhhcm7nu82z86u97fky2ajv7wekuama8z87,0.09012951,95863.11,8640.10
BTC,e1ca5436d081a421a49f8eef8d5e28d2e5faa551b65e7dce2e1e2d938986c78f,2024-11-21,bc1qjtmzpxpae26u9ah7mpycuawn7vteyxl4pejxaq,0.06765415,94286.56,6378.88
BTC,3c635c1992d4e0ed4e70bf2b4dd3ebbd7c8393ba2574df39dacf15ab9ee29d48,2024-11-15,bc1qd4wksmfs9yw4slvmdg79xxakuar3hjm59wc9rw,0.02485948,87325.59,2170.87
BTC,1521ecb940fb37a35a8f7945def2f3151762de1d6d54886dd76a496e51361894,2024-11-17,bc1qd5dhs5zwxysc2hp8ke5wa0v7ef6jd2ep8xh26c,0.04288448,90587.98,3884.82
BTC,084226eda6a9b7eee7205ecca9503fe29f87c89bbd10b764cc1f56b254b38e10,2024-11-14,bc1qzwykffx8llpnsmyq66qecymlju2x7z8ym5t6pr,0.03504196,90375.21,3166.92
BTC,120f7333f164f4570f7b819a13fa7836fcbd808c67a47ebe39f3167f9719c748,2024-11-11,bc1q4egtd6uy0ym9xuar52l3j05zjnautxtdcnj645,0.03544708,80370.01,2848.88
BTC,b7272bec2ffba9ebc7fb325ed58c396dc942961cc2d2a9939be8693b51e786f7,2024-10-13,bc1q7afw4snpl85mrpq2p93phth9wyevpu027cz5y8,0.08411515,63206.23,5316.60
BTC,d5f4bb585864f728def4eda5714068e838c16f770eac7a3661f7cdf87d13c094,2024-10-26,bc1q7gjq6lstjn5dsxxh87wl36xwn2wsvm4xp9z0ku,0.16103586,66698.32,10740.82
BTC,1ce5902d21ca67d29cb80f2df844772623adad12ea6f8e01a6e91f30362794f8,2024-10-24,bc1qhn6l7a66z6vq4e4g2xz8gzjsp76c48wvjpmpjj,0.05370693,66668.65,3580.57
BTC,43e3b0430caea92e03ee58a4ed31f4ffa64647bf34ff8d9104171e927d238ec7,2024-10-23,bc1qrwf6zcgnpc7vjpkyj9agam238k9qqg07xq3xh4,0.15300517,67426.01,10316.53
BTC,674ca7d03fb0ece7040d78b24b647f19ebed0bf8ecfef0b98c12e3f528af8162,2024-11-05,bc1q4plgucfksf27vh7xw6vcz2t722zap2aqvpr49r,0.06287302,67850.01,4265.94
BTC,1a17fb5307a49fba1bfc0272ccd3f02117db03a55ba2e1bedcc7f9054abdcc21,2024-11-10,bc1q45xyljxtw9x5lsag645cg8gygqtq8vnmgxghlp,0.06289924,76677.46,4822.95
BTC,d2b90abd5110cc4f9710c4aedb44b35b921ab7575205dc09f232f0bb8dcc756c,2024-10-27,bc1q0235359afem969d7w7vwtyqtptkwxsdcfvpyh4,0.04444470,67092.76,2981.92
BTC,fa07d3127ee2126ca6bdb00ca8f47c88f7b3c539ae1efef39e79bb1971fd2755,2024-12-05,bc1qtjyyme0uzx0ndvpvlssvk340llmr96u37vmnlg,0.04925556,98587.32,4855.97
BTC,c93ca3e1c80cd5c64dadf70271e6a5a5f13963f34c45dd50b04878e1e15d97c2,2024-12-01,bc1qr25wfjju99ptmm5s9lmw972yw7tv759706prvz,0.07134430,96407.99,6878.16
BTC,ad4dc71c9950f729ac545aa33713e8d7ac18f852384bb1c2e71bd0b419d4932d,2025-01-27,bc1qxfxfyrqysgyetjcp3pu64c7kx5chnucghl5hr2,0.03247090,102620.01,3332.16
BTC,eae32070add0eed7b0135c5c6ff96c70fcfc65df187c53300edde34b1ff91fd8,2024-10-19,bc1q5e89j7wu8ts7mk0dvrq7dpkgtv757x8794lach,0.18054436,68427.99,12354.29
BTC,0b324aa3f0fed04b592ef8e9b1ae9f93d0d6f9845f32e7b3329c796e7a9d35d4,2024-10-29,bc1qg2qawsg5g9y787hzhcg6rws22hhjh95a4seg3f,0.05806479,69962.21,4062.34
BTC,6ba2308883d3f6ae2b80a350a618b960bc630d0b29922f52e182ca4138d29ec1,2024-12-02,bc1qyef3n5jtnp2agygzvfxfzq5svmrr5zs70tmvpn,0.03200213,97185.17,3110.13
BTC,503815a645023be85215bdb0aef1585ea6bc877b32e1da3e7feb1c1b07bf4c32,2024-11-25,bc1qd6qv4rklsaxetac0h9qa7w3jcmqqtpvjajknxn,0.05386884,97900.05,5273.76
BTC,f34ffc602b0275940ce13aae6a02de82a16c4edc7ecc76965b2042754149d22e,2024-11-23,bc1q9y4r3np8eu5ljzg8sq5nkyunm05pegr6e0ln7n,0.05077081,98892.00,5020.83
BTC,9c5be2fff89de3f25853156d800959df57580dc8fc4876815544818b7cad3b48,2025-04-13,bc1qwdmrg7tqxga6huvw6ru632fzvqapk8qhdkvm76,0.06828233,85276.91,5822.91
BTC,938dc6cbfade9883261a2d947a756588f620d8a45da3cf99fe5030f8b4135ffc,2025-03-14,bc1q4hpte946zxmhrsxz7jx8eue49z4nzmrs47uuqd,0.07600095,81115.78,6164.88
BTC,9e586b08ee193d7572201366089a7564f7ce2536d3b6cf317ed815e157a91e84,2025-03-04,bc1qhxg34g6smtfmkxmcth22n88g2qge7apry64xq2,0.03541415,86221.16,3053.45
BTC,d2cbd27a9a01154c9f122b226f02f51641b583d4407ea08b50b3b01538c50214,2025-02-01,bc1qm8p3fx3wuxxdvkqsjzda67hstaa4dsrgyeeqqw,0.04291389,102429.56,4395.65
BTC,ae3f84ef899ae59b7e909a49036045e105706009b792e2e71b4733906f655b22,2024-11-08,bc1qyf4jg6wzsze9g5zwn6f0pkvjqqj5l68cdm9duq,0.04043424,75857.89,3067.26
BTC,37ba35b306d8c23795baba23744fe318a98408f01c5ef81321535f33f1df270a,2024-11-02,bc1qsctxwrh9m88h6d6l5yfral8r67jujcm9uvv75h,0.02296042,69496.00,1595.66
BTC,131be65076f80386bec4160210f7709dc775c268c3b4239bfdc34ba5838ac4a2,2025-01-05,bc1qk4fhq78wc58g6wtkk4wg6tg0dvszya8grdjdkk,0.07892018,98220.51,7751.58
BTC,5673ca6d06aebe152e7ef67890c65d46974889d5a2f418b6d5319c626d0f48d8,2024-10-15,bc1q36pdl4wnledm7h8eqtvgjuppmdw42s4s2nh0u0,0.04200487,66084.00,2775.85
BTC,9767bf7b50c28dc721dee3668fe22dea0f1ac5d9df34303ac50f53da79deb4ab,2024-10-15,bc1q9gjmyteulqp3dsc04pmsmf5uu939alx0vq7nkn,0.07044208,66084.00,4655.09
BTC,9d6ea869692593f104fe95e2139ec975d18fc91c7651cb1b6acaec209e1992b4,2025-01-16,bc1qe2qeu7pfykw3je8vk65hwx89a6520n484cl3m7,0.04182277,100497.35,4203.08
BTC,467b360e0cf2dbef0cc4b452632ed4b1aa51fc9384454d54e5f7b2f6b05afdb9,2025-01-02,bc1qq97l4lsglfqeq0hhucyklwrrh4lk3y7lu8v0pw,0.04889240,94591.78,4624.82
BTC,29ebe30df6e83fef09c8ff5c80db4da66764386fa45760908376692ce7dd1db3,2024-12-31,bc1q9jk00fjhf8vc07rjex6j273ydzjt0h8pus7f98,0.05675488,92792.05,5266.40
BTC,ab280fa4d9c831e12f3a24f9707b3d868291ddd506f1e1b4cac328e73fabea3e,2024-12-28,bc1q5746j8nslqzmpp3f0njfcn5lm0q63yrqslzhwt,0.05251885,94299.03,4952.48
BTC,cafff666492469b63f42bc04060f8295fec07927ac59de9f48055d1a5cf2eca3,2025-02-24,bc1q8wlnqguwgp6klc0xdf09yv5hma4fjjnvqyrp5n,0.05235035,96258.00,5039.14
BTC,8b29bb284187bae52f6f5c52a12783c1f594c77a34b5641b475ec9fd8a24e1dc,2025-04-07,bc1qg85d2z2l72ll7m467d32l4wpc84vtafxcnjcrs,0.04442942,78430.00,3484.60
BTC,fbfdf8db7698329d47664c346d072727a36f793a326f2b97765004bf537f88ea,2025-01-22,bc1qzhd95ank3yng946yzc0vprda8xgtg6ksmwxwul,0.05810384,106143.82,6167.36
BTC,7ef465ee9874b31201ca87fdcca454ba6bc4d285fac96c7bb6634c1715dc40a2,2025-04-02,bc1qvlcry9aehhzw2zzf8u5cc0vmcnh4mm2hg9n624,0.01707223,85158.35,1453.84
BTC,19fb4beee36acbc82a7fc1d874b6414edfebec743e8a863e443c9fb8815a03c4,2025-03-30,bc1qc9s9w5v59hhf977ch559mzvev79a5spdpf29hl,0.12983976,82648.53,10731.07
BTC,9db5e2aa86a61d358ea9d6ab4a1307ca3f795a2c81c830b67d5312b7612fab85,2025-03-03,bc1qkgeyparrcmquut4y6lwd3qyz0k7s03vjddmqzd,0.04777571,94269.99,4503.82
BTC,b22bb56847ea82b833f041a513719ffc71c270b94816ac0564e641a5aabd200a,2024-10-28,3EBKxnBP1aRiL6yFwNtiaZryZuYFQrdn9R,0.00146306,68021.69,99.52
BTC,e1f93fba16215e74bbe386bb4f3d15100da01a97bbd5f2f2257f6c995c94aaa4,2024-11-12,bc1q6urjw8w784wppquvdruqr30hz2wkx36qlnuz0g,0.04721390,88648.00,4185.42
BTC,ebbc7cb8039f95efc478964dee9542467205a7b2ec3ad98b6f34dcff90afbff3,2025-05-13,bc1qzakcwku6fm0gesgn89gcc3cp28yjrwarq7rswa,0.02654868,102791.32,2728.97
BTC,beb63c94c07734886493074e5a71f9c38b361590a93ba40ddd325109a81ea8f3,2025-04-06,bc1q5w9rlkge57vunac6ccstqlvnxx9n7wmsxl3t5g,0.02785012,83537.99,2326.54
BTC,3478306d0e81f821750327b9d73ffd874d7f33a4132eb40e41623ce6c0cd9ea0,2025-04-02,bc1qjhhn4g7frsrz9y9737rmxderv0sx9xm033v3z2,0.05673615,85158.35,4831.56
BTC,1081006617bb7abf0d1ef20f194150b45ca1b038ef73b233c4a112e28f8e0c0b,2024-11-29,bc1qms8xfkhqtkrmehkj77dgffgcxrpvrdmdc7uf7n,0.04528433,95643.99,4331.17
BTC,09031d7b814713d324807f6700c3b2df774f00566063491b346ec3bc1616b8c0,2024-10-16,bc1q873a2z5r20k4gqgwvw8ns6780k8d3mduacvagg,0.04140657,67074.14,2777.31
BTC,645763c7df6ce6b789f55ccb6afb048e8198ef4b5109b5a09781cad57d7ac7c9,2025-01-07,bc1qzyqg9zjfgjyk7fc2xce4sglvrrut83dlxktvx6,0.04523167,102235.60,4624.29
BTC,a72e1a01f91fb2231a7a2c150d8874ac3ed4638624508a98cf1f1adfd52e67d7,2024-11-22,bc1qzhl7za60mz2f3wt0u33p92cm8qaxn5vlc60rw4,0.02933170,98317.12,2883.81
BTC,c5226d8d4f748ec0e56b9fceddbd9c3f59c2fcff904719b86604ec00aef7ed62,2024-10-20,bc1q7fhwpgvlp8yvng6rj6kesdvgdlvhed5jau2yxv,0.05994840,68377.99,4099.15
BTC,98ed74ad2bec9045c2d8e64e5ecd7c52d693ad11f5a856122e764a47d7969233,2025-05-13,bc1qwnk8yeu74e4hka49phlawp2rkvsas06w970s79,0.00747462,102791.32,768.33
BTC,e05d8f159500bd9aa69c26d626c7e749ee254609836df56dba497a1a546d1754,2025-05-11,bc1qvty3wcm3jhylc9da9jglt0jfyn95r0ddk48aj9,0.01263367,104809.53,1324.13
BTC,d337f105de529524030e7f0a115f3ec26e6a54a4b1cd0eb1f5c719f70aa18ec1,2025-05-10,bc1qaal4lwh4jq0l3ectkukldvz0ee54rnwssdfg46,0.07424944,102971.99,7645.61
BTC,2100910f0da67f7478491e3e46ccb773388a152f918554819188053f593e5f4b,2025-05-06,12Wb77wD8zS7W4f6oGG7WyjMayxxh7Lqw4,0.01500000,94733.68,1421.01
BTC,2100910f0da67f7478491e3e46ccb773388a152f918554819188053f593e5f4b,2025-05-06,bc1qn64f08lsccw3wlktmj5tda0mz4ms3mltuyy5d7,0.02501777,94733.68,2370.03
BTC,e76b7affe3c8d8510f027054afdfc2f7b0841e3ea855c869511a64f8c3c54f45,2024-12-11,bc1q2vezlux6wt6exzaykjlgnfsdn4ud8s5nyu8kn8,0.03743131,96593.00,3615.60
BTC,8104c5b9bfa42b0f36b629fc45d7bb7f7dc993409cff6a6057d9a769e156e0ae,2024-10-23,bc1qr9rvw4q3ty20889829hyewrl3mukquwysyt5nc,0.05638845,67426.01,3802.05
BTC,3ebb8058b7e797ef26e5cd875099838d648bac108137ba4c5252c7494f3b6589,2025-01-29,bc1qa6cs8nzye54n7pg5vuvxd505h86p6aaspfz5nz,0.03793215,101335.52,3843.87
BTC,61a619d6c8a800b4a47dac50df6f6a034f6baf2cafd2070e9101d8d3ef57046b,2024-10-12,bc1q6x7f9yqrdrxxwlj7cyrwaqcdx76m0ryw5eya4e,0.05689385,62539.99,3558.14
BTC,d78e4336932db915955251c51374187aa29fdbcae831c785da0bcf116ba9bce5,2025-04-10,12Wb77wD8zS7W4f6oGG7WyjMayxxh7Lqw4,0.02000000,82615.22,1652.30
BTC,d78e4336932db915955251c51374187aa29fdbcae831c785da0bcf116ba9bce5,2025-04-10,bc1qxn0hjcqsnx9k87hzs9y048vtwwr4t5fl0lwsck,0.05825952,82615.22,4813.12
BTC,02068a42121b1e09a1fcc7d736373e05fc0759c7b7fad5a826181761206732bb,2025-03-19,bc1qwq863uzekycznkcl6rlywt89sadfu35sx0hs92,0.07101195,82715.03,5873.76
BTC,28826aefe19d285c757bff5a702c92928b2e035a0b83f4ff109b3734e0b3f72c,2025-03-17,bc1qvf4w0fvv8jt90ec7x2ypfht6wy4wqpv8d9gsx3,0.04818178,82574.52,3978.59
BTC,5d331307d54840b5bceb8f5de72522c63ff0fbed5a754351d793777206ea9a15,2025-03-24,bc1qdscs79demsmas3xawqnhuzhzvywu872ltm40wr,0.03614000,86082.50,3111.02
BTC,d0e39281227b4c3aa80fd31bdfee012842ab1f1cd2ab1b6d105a69dff95489ae,2025-03-01,bc1qlyu73uuhfmkwup7y9j6ckfhj0xj7necryyzqfs,0.09781666,84349.95,8250.83
BTC,b6d1f8c090e7bf5dc3598214634c165a17a3e66bb6d86e17d0c200a52cfcb424,2025-01-28,bc1qpjpyldf6yr3079rse0e54wmstzeg4a05r5elw7,0.02780817,102082.83,2838.74
BTC,a27634ab6d0d6aeb5966b863c0b2fafc7dc23368e8c110d540a20538b2ad2cd6,2025-03-21,bc1qkjmhxqspfjtxu9q8njch5u9jkt3zkx9l0gcz73,0.06255275,84223.38,5268.40
BTC,e46eb307930799f0b18bf89d302633f6572b11f433a0f52aa323fd846a087d17,2025-01-06,bc1qdmp9d9jcknq5kk7g4gmq6qys0puzghxl25fuh0,0.02901943,98363.61,2854.46
BTC,5acb488053eafd2469f868d7c26e34118c01a93ef41a7aab3796020eb008107f,2024-11-10,bc1q2w0tvtqe2pu9pwp273x948murcxe3afk87lwk5,0.03014512,76677.46,2311.45
BTC,f9f744420ae8aab704b68fc1e87c751b6c79898da4c2fc46bd18b38bfa729c13,2024-12-05,bc1q68rhfp8xgpejsl8s7p84655hjr9u9vnkj8azym,0.02401477,98587.32,2367.55
BTC,d6a3ff688cc4d3345ba684ee76903c2a96cf9d08f6586f3bcea1615a004924f8,2025-01-25,bc1qul0ya7cjsgyjqgzkfn6ksugyfdw56hep3zmuvr,0.04094141,104870.51,4293.55
BTC,c78ff474e02e6ed8c1f8e8826433e24589e88bbd921f5a79868d300a9dddfa17,2025-01-23,bc1qx9xatztsvcjlrt0jn58wsrfpzuuz6wekrcqtgx,0.04370416,103706.66,4532.41
BTC,ef5575f4e86ad9305626290c4b736749527c37586342bf2220108cb3b189e0bf,2025-02-26,bc1qjd573ad0a7zs685pj9q6qaume7x7eu2k9l9sl4,0.07315915,88680.39,6487.78
BTC,69eeaa6fb84a1dde5631365849d8ec4f5467155764a52d5df350300c8c27edc7,2025-02-06,bc1qmfx07y9t4d3pvujdz6jjwxjzq905vkqmze8w6w,0.02985136,96612.44,2884.01
BTC,6c3ce5888ee3a9a5a550bc3872c4899a824a065116204ac90fef9d9376b19e1d,2024-12-18,bc1qyrua28uaq38p6lza2ry8tcz0wh2eclxgpx5369,0.03399658,106133.74,3608.18
BTC,4980b892592027912a0a4d68c9c785d80fb5f40983c9391f4f001188e2b1732f,2024-11-25,bc1qdnygckj4rh0zzrsqx6vkgvnz4gyen73sp8rkyf,0.02223914,97900.05,2177.21
BTC,28ce277663e3683f80500a6f4b02059896b7afeb2d72473bf996ca45928119aa,2024-12-13,bc1qkmpg3svey779zzx8k4udvf83j5gh3tp0pdgkhk,0.07625104,100004.29,7625.43
BTC,da329dc92aa071afc12aa4a11e0d9a29af36a6afd4f8eb628bdf1615ad7e625f,2024-11-04,bc1qvrc6vd39lze6smhff57l96jkg9amkweegrhuul,0.01565098,68775.99,1076.41
BTC,26dcc6f7de2294bdd77a4dd8f9a3486dcabc4b44638623958c6775b764323d96,2025-02-19,bc1qhzaxl3htg7m9qpe3l0ddg98s4lqk5h0lddqafg,0.02998208,95671.74,2868.44
BTC,f94194dc4857972d376062b2c8ad1b06ef64eee067eeae2b805819a9162d91b4,2025-02-07,bc1qhmpr5p76fqc6ga3pcrlzwclvhnpn3575ck3nxv,0.02577515,96554.35,2488.70
BTC,3a88c8587d85c1d2d1d34e676ecf1eefde09c76af2cc71a062eb82056efff04d,2025-03-08,bc1qu8h0x8u30u6smfm232kvynd23l7jkegfxcea32,0.05594884,86801.74,4856.46
BTC,c6b81772e8693ff384183217c80a0a04a06dfbc2ba70855606e4e2c023077619,2024-12-15,bc1qm4l9r8866dgpjlrhfqy5260xkwgudlynpneg4r,0.06385925,101420.00,6476.61
BTC,edeb7b3984aa45f3fb3f951295d46ecebfad85dd0d4a90cef6268bfe226d8288,2025-04-25,bc1q2ymln5pl5hheqy4x9lmvdsnye2h6um9neuxvvv,0.07473661,93980.47,7023.78
BTC,ca4a041ececbc8f1c80c7ef4ccdf1d45701eb33a5c9a0c74f85a15d77537d972,2024-11-15,bc1qkeqxmq8jewnannawetwey0pkugp2hgen2hs70g,0.04147354,87325.59,3621.70
BTC,1324fdde9654baa503b990386a7a57aea77f4d73c1b5d9d15076db1e69fba335,2025-05-07,bc1qfs6cur35ktvuj29cyc20d38d9dxe7zf6mzcqvr,0.02261686,96834.02,2190.08
BTC,367e3ee2600d5b5f9fbd3ff248971a9cfc6e900a4052bc671fc29ac4652a7b1e,2025-02-03,bc1qw66klnkwn53je6xty50xgphqg9cpkxpr0f2dht,0.03158153,97700.59,3085.53
BTC,69fb946d0fae82c97ee03e2a6fa5062066405cf0378525cd7e183f239bfc21dd,2024-12-26,bc1qqeec2t9gl6pkr0cjetr6zh0n396ct0j98tyltx,0.06389652,99429.61,6353.21
BTC,8bd812b9b9d28bc82f1a5dbba3787c497678c0927e919643d3ef044e9c22c014,2025-04-03,bc1qrl2rs7e72tha2t7dp9yx7dmkykt7mzmqukx358,0.03281697,82516.28,2707.93
BTC,ad7e41e9aa0d1d2ed586642b9cc9de9c204296e1a74e2b4aec2558ae8bcdb776,2024-12-29,bc1qamneul5a9kmnacdcheg2rphs7dfdl3muav02nu,0.02650785,95300.00,2526.20
BTC,34d7ae8bb8881058689c0a9f01dfeac0a2007f26ab641dd1a7b2b701dc5b3210,2025-01-11,1ALghftdrNP4XKKrrUQemu9Ss99xMwqoZN,0.00500000,94726.10,473.63
BTC,34d7ae8bb8881058689c0a9f01dfeac0a2007f26ab641dd1a7b2b701dc5b3210,2025-01-11,bc1qh593rnlmq90fllhlt97j8cgaszrmrgypyqljg9,0.03825503,94726.10,3623.75
BTC,34d7ae8bb8881058689c0a9f01dfeac0a2007f26ab641dd1a7b2b701dc5b3210,2025-01-11,1NfQVes1hEPmSBvLYzZnU9u8wofuQ9AAtk,0.05800000,94726.10,5494.11
BTC,fe65f81e03b8fa9366c995f301cb9de4587fd877ad671d4b3c705189fa115546,2024-12-10,bc1qwyf76jejgnssfk8fp8slkdw96920y2aaz9gpls,0.03276412,97276.48,3187.18
BTC,06479744d93aef6277f9e05ec7ef5eb4c80f6e6685210d0461dc97e00dbc85de,2024-12-23,bc1qlakhq6rdn88mk32vc0vtv4gp6dgv6n3hxz9f4x,0.03123985,95186.28,2973.61
BTC,a9ec579cf841d50030fca4ccddded7e6cd5aeac209be0afc313c03827b3af432,2025-01-12,bc1qlvce2x0m0rwekfmzrdz9twuwd6t2ye7e03t4w3,0.03000258,94599.99,2838.24
BTC,79300705fa27a9ac29418f08b28d8a936633f99477d584319e92946a5b6f81db,2024-12-19,bc1qy3q0tse5spug7peygu9p5a48y90ep27wvgycfp,0.04346696,100204.01,4355.56
BTC,0c546ecbe9c2d7aa7e868c649a5da975701b3ef35bb16e23a6e506ba2ed1b5a8,2024-12-09,bc1qnyafnxy9gr2nrery9t655eqt6tjpdvcu5ew0ex,0.04949497,101109.60,5004.42
BTC,c3a4e5057eb1f516b4db48ac3b894ca3c286f69bbff413e2aceb5207fd0b7a9f,2025-05-04,bc1qkeyve4hjjnlhpf6wh5rgxk62e7el848lg27tzt,0.04527781,95856.42,4340.17
BTC,b38cd4f2c6aa0559e8d4fd67f5f7f2e491be36b6c2a39b4d1fbb601ce916947f,2025-05-01,bc1qt5ruxd5s04q86k8qwsewvcncg2e9av59dp7g2z,0.04977690,94172.00,4687.59
BTC,d6d8fef57fa93c9d59eb8ab41a717556761338664dfb6dac3e38b7e87cc49f34,2025-03-23,bc1q02tafe7sjuzfjxx4549mut2evc82l4638kgx99,0.02784589,83840.59,2334.62
BTC,a3ab9c9cee2199d2f1956187a6b1dfbaff023624e8dd516d116ea6cedd7baa48,2025-01-18,bc1q3kkt7zvdp2uszkx3xx95m7qhmagtq03sjz6ytd,0.07579002,104077.47,7888.03
BTC,98bec87ee6041fe24acd8ad1bf0e2da783ec599eaf7cd6846ed7fefef9c4edb3,2025-01-31,1ALghftdrNP4XKKrrUQemu9Ss99xMwqoZN,0.00500000,104722.94,523.61
BTC,98bec87ee6041fe24acd8ad1bf0e2da783ec599eaf7cd6846ed7fefef9c4edb3,2025-01-31,bc1qk59l9jp8ur8pl72g46mrtthtmcgx6wc0qkmatj,0.03472589,104722.94,3636.60
BTC,43572a62e23e530c5a010d7c955a780ff9befcfe748a3b0b43de0dd8a1adb85e,2025-03-15,bc1qzn7zqjjyc8gkn3373y6hz69eadn89qm9t5cagx,0.02478281,83983.19,2081.34
BTC,e1d38cbfb061720831a80b182c2c56ce927c84c9ce559c05b51d0a24678e0103,2025-02-15,1ALghftdrNP4XKKrrUQemu9Ss99xMwqoZN,0.00310000,97500.47,302.25
BTC,e1d38cbfb061720831a80b182c2c56ce927c84c9ce559c05b51d0a24678e0103,2025-02-15,bc1qar3g7v8rkex3j7a6u6decdgt8lvtpm3td452gd,0.01037658,97500.47,1011.72
BTC,a775a79447e854c94c0ece5f8af6e364652a0e6b0f3767674b1bd9bf634126e6,2025-02-14,bc1qpd6jcuer84vu8ldna35z8vcerz48trems5f2m2,0.07219165,96608.13,6974.30
BTC,cbd33e8b60cba6e7a6a288696839e162071365b2bb5b1791be62a201970d66a2,2025-05-03,bc1qgqtvdktwm96hjckszs4scxrmh54r4qp8tna024,0.06079956,96887.13,5890.69
BTC,1e6f3957c71f9f863c3c8982f272c28cb4200d39a6fc3af16c216f129d65a46e,2024-10-28,39mj1Rp4ukDpcVLXi9HCLREYpeorPj1JyG,0.00105200,68021.69,71.56
BTC,94526ed0acab2118b4da640366ee2e659fa7f42d1f2bfb83fc12a5668b421372,2024-11-06,bc1qk4slhpqmk6ytcvc58a4pxq073zsxdqg62dx97d,0.01420573,69372.01,985.48
BTC,740cb5fcf5030c275bc5410aeaffceffbd1cfbe75867ea89742ac80e5448570b,2024-11-15,1AvZBBYkocHhXDoWaswPevMsN7bMDwy6xM,0.00008317,87325.59,7.26
BTC,740cb5fcf5030c275bc5410aeaffceffbd1cfbe75867ea89742ac80e5448570b,2024-11-15,bc1q0e6kv9604awnkr9sk6pyss8s0hjdnt6yy5e84l,0.00135880,87325.59,118.66
BTC,051100f3afecd71d90e5195fbf5fa7e1df98a531336c7bd1c361eae52f65ed9b,2025-02-05,bc1q0vccvxk2jnygsxsyrwuccqccm0lckc2dpyl05a,0.03030984,97763.14,2963.19
LTC,20a89c3cb6caaf67f819cd5a8d13a205d3b24cba826c98af1255d36ebe2fbc69,2024-11-18,ltc1qrgulgxych9y39fep3y9dgddt8z5jvx96xcfv3l,44.19586329,87.20,3853.88
LTC,1dab71c5f1bd03820e3c298b927e896c1e955d7a48f20e3b4e85030ea7ebd3e4,2024-11-17,ltc1q8zggprvfzgwxyz8s2wdu3vq84w2cdky88ecv7z,51.85438482,95.44,4948.98
LTC,eefb4810a14198540c22d514c633efe3cc9fb67356867149be778a18bee12d44,2024-10-12,LYaQTr1QDSXnmDdi38A13WXWDiyuWw9h7G,25.00000000,65.59,1639.75
LTC,eefb4810a14198540c22d514c633efe3cc9fb67356867149be778a18bee12d44,2024-10-12,ltc1qxsn8dn6al07evlhkjjk0y6yud0xj2w27fuyt42,50.73516449,65.59,3327.72
LTC,559da24f47a234c4563ecc38b4ec5317054ff25292b6817fb084790b95e91805,2024-10-05,LgzbsbLsmev66YVzQdXqEfTTTBoRqmUUTf,16.00000000,64.95,1039.20
LTC,559da24f47a234c4563ecc38b4ec5317054ff25292b6817fb084790b95e91805,2024-10-05,ltc1qkhu4kuhthqqp68yr4w9q6p7pq7z8qsue2p06te,27.07639084,64.95,1758.61
LTC,559da24f47a234c4563ecc38b4ec5317054ff25292b6817fb084790b95e91805,2024-10-05,MDZwCwNvmZRK5gngQKs5funj4VfT3PPoMw,40.00000000,64.95,2598.00
LTC,83e4e2352c1bb6829ef2e3f30784b71133778573ddad75831cc948492435f2b5,2024-10-09,LYaQTr1QDSXnmDdi38A13WXWDiyuWw9h7G,16.00000000,65.69,1051.04
LTC,83e4e2352c1bb6829ef2e3f30784b71133778573ddad75831cc948492435f2b5,2024-10-09,ltc1qt997d8w8cc0tsqg936e5rkxrszmuc5hjm2m08w,67.00222577,65.69,4401.38
LTC,0fe415b6554f5107e1bc7d3972e0e1587bb780ead8df07d3ee6600d86a3c7d46,2025-03-01,LeVXYdaeaX7Gtm8AXe87wc5U2uqiMQM4Cq,12.00000000,128.03,1536.36
LTC,0fe415b6554f5107e1bc7d3972e0e1587bb780ead8df07d3ee6600d86a3c7d46,2025-03-01,ltc1q7s0e9t2gkt49wvj5ed9rjrmtpqnd59u6qu5u5z,12.22732002,128.03,1565.46
LTC,2b217a5a3dd666699470fa132663e02b4148254c24e04a38c415c6c2941b81bd,2025-02-28,LgZGiNoBd1tLwoNg2VjfU7vjFHqHdS6jis,11.72340242,126.86,1487.23
LTC,2b217a5a3dd666699470fa132663e02b4148254c24e04a38c415c6c2941b81bd,2025-02-28,MJWiDwS42La4id1adRx4bssLrG3PjxwH4P,15.00000000,126.86,1902.90
LTC,467d7ce22463c6c783161eeb87b280a8e3a4002dde68fd0277065bd018bae574,2025-02-01,LgZGiNoBd1tLwoNg2VjfU7vjFHqHdS6jis,10.00000000,128.09,1280.90
LTC,467d7ce22463c6c783161eeb87b280a8e3a4002dde68fd0277065bd018bae574,2025-02-01,MGD9bxWw3XkcEeR4rfwL7sa1JVjy6YyJ45,15.00000000,128.09,1921.35
LTC,467d7ce22463c6c783161eeb87b280a8e3a4002dde68fd0277065bd018bae574,2025-02-01,ltc1qr3m67mna93255hcf7yyqsexyne4jwsfen5eeg6,23.77672342,128.09,3045.56
LTC,206fbaa3f2e29117e19662bedb3537dfe88f62623da83d06e8c83927ce2c327e,2025-01-05,ltc1qhy262lk6pg9kwjl933ngnlfyfsa4j4hjh83wph,12.92619745,111.22,1437.65
LTC,206fbaa3f2e29117e19662bedb3537dfe88f62623da83d06e8c83927ce2c327e,2025-01-05,LYaQTr1QDSXnmDdi38A13WXWDiyuWw9h7G,20.00000000,111.22,2224.40
LTC,206fbaa3f2e29117e19662bedb3537dfe88f62623da83d06e8c83927ce2c327e,2025-01-05,MFQfcrEkMBSTupNSE5KKXwQtAaCBd7BnVB,30.00000000,111.22,3336.60
LTC,6dad5bf0b89f4e48d69c81345afa379dac7e7ab251b0f28922818815d9d56b4f,2024-12-31,LYaQTr1QDSXnmDdi38A13WXWDiyuWw9h7G,10.00000000,99.40,994.00
LTC,6dad5bf0b89f4e48d69c81345afa379dac7e7ab251b0f28922818815d9d56b4f,2024-12-31,M8mWBjA1rcT7FgnRnVKJefEPuC2bVFxnxZ,20.00000000,99.40,1988.00
LTC,6dad5bf0b89f4e48d69c81345afa379dac7e7ab251b0f28922818815d9d56b4f,2024-12-31,ltc1que6q67wl7pgew4j9ycm7hf2lrqjyke6exgvv40,33.92596288,99.40,3372.24
LTC,f23714c832b0e95d890bea699fc663896dec1efed1995530e3314e815c815393,2024-10-14,LYaQTr1QDSXnmDdi38A13WXWDiyuWw9h7G,25.00000000,64.80,1620.00
LTC,f23714c832b0e95d890bea699fc663896dec1efed1995530e3314e815c815393,2024-10-14,ltc1q0aky486pd35wzwx2jj5ww9aasve29ucxusxgnu,38.88627268,64.80,2519.83
LTC,abefdb0fce3b92f31952f2d3cefb3694ce0657c85283cd2c851e8c8353efbeb1,2024-10-07,LgzbsbLsmev66YVzQdXqEfTTTBoRqmUUTf,16.11185458,67.03,1079.98
LTC,4dc18748cc2e12b53bd5a3b5b018c10c3edd76f6ff356e877e1ae85d19dcd63b,2024-10-07,LgzbsbLsmev66YVzQdXqEfTTTBoRqmUUTf,16.00000000,67.03,1072.48
LTC,4dc18748cc2e12b53bd5a3b5b018c10c3edd76f6ff356e877e1ae85d19dcd63b,2024-10-07,ltc1qy6fv62kvqzzhzeulp729xdx7mmv7ksd254xvxl,30.81842076,67.03,2065.76
LTC,4f89ca49a2fb828fe0b994d853fb30578de17248c6f72a25e54fd65d5a79dc3d,2024-10-07,ltc1qgv4kvyprjjfj7waeejkjfyr5gllt9p2xzwxqc4,10.91664934,67.03,731.74
LTC,4f89ca49a2fb828fe0b994d853fb30578de17248c6f72a25e54fd65d5a79dc3d,2024-10-07,LgzbsbLsmev66YVzQdXqEfTTTBoRqmUUTf,15.00000000,67.03,1005.45
LTC,d37ae37aabc35cfe2c9557c629a5dbcdff167f685b04c564ade6d64057089b06,2025-04-06,LeVXYdaeaX7Gtm8AXe87wc5U2uqiMQM4Cq,10.00000000,82.68,826.80
LTC,d37ae37aabc35cfe2c9557c629a5dbcdff167f685b04c564ade6d64057089b06,2025-04-06,LgZGiNoBd1tLwoNg2VjfU7vjFHqHdS6jis,10.00000000,82.68,826.80
LTC,d37ae37aabc35cfe2c9557c629a5dbcdff167f685b04c564ade6d64057089b06,2025-04-06,ltc1q7ez7uruk23rpplqgna4h2zfdmurzjkfq8rqfnp,30.55814682,82.68,2526.55
LTC,381ddc98b8cce201b761bdbaad8428f36969ec4d2adb79068a3a5529ec128ff4,2025-04-02,LgZGiNoBd1tLwoNg2VjfU7vjFHqHdS6jis,15.00000000,84.48,1267.20
LTC,381ddc98b8cce201b761bdbaad8428f36969ec4d2adb79068a3a5529ec128ff4,2025-04-02,MBNitVKsUsaSwMjv5CPoeo98mF8ynUqXvU,20.00000000,84.48,1689.60
LTC,381ddc98b8cce201b761bdbaad8428f36969ec4d2adb79068a3a5529ec128ff4,2025-04-02,ltc1qrkvnyx0n6tnj3vs9495v8c4vkw8hqlkn9fx4tx,29.42120010,84.48,2485.50
LTC,815fe95882c8059e3b4d27916e089f4baf02da0ab59acb31ffae3eaaa0419bce,2025-03-28,M88XfsT5T6aidmwhT1En1iEHnUHe2nDQ56,20.00000000,92.79,1855.80
LTC,815fe95882c8059e3b4d27916e089f4baf02da0ab59acb31ffae3eaaa0419bce,2025-03-28,ltc1qc5xpd2uqy034esevxa3txl78cap3zxmycarl7r,20.26622046,92.79,1880.50
LTC,3e1aa6ba79bec6e4805417b7f633e695ad38de060cd9965b28da519324376e41,2025-03-21,ltc1qa9dcqwwwgnkuf3w4ym3mw4s9lv9ntzq8g2ytmz,48.19538319,93.29,4496.15
LTC,131a95ff572625cbd64550d35e4c9b52359eef58f29490bc276fd1965e6b7a2f,2024-12-23,LYaQTr1QDSXnmDdi38A13WXWDiyuWw9h7G,20.71477310,99.80,2067.33
LTC,b214d950fd9aa0b002fb40edcfd9e0b04ea795f0dbba36250d69aa623076cfc8,2024-12-19,LYaQTr1QDSXnmDdi38A13WXWDiyuWw9h7G,10.00000000,108.32,1083.20
LTC,b214d950fd9aa0b002fb40edcfd9e0b04ea795f0dbba36250d69aa623076cfc8,2024-12-19,ltc1qu96j796zft3lf3azx2fus7ug0ze4um8tw33s9r,18.93575859,108.32,2051.12
LTC,b214d950fd9aa0b002fb40edcfd9e0b04ea795f0dbba36250d69aa623076cfc8,2024-12-19,MGsgnxH2vzR3UzyEsssv93Bxv9kVxLBygM,20.00000000,108.32,2166.40
LTC,be34c1b6d4bf42fd66435bde7afb09e752f42ccaf8d35991f988cad4bb89d0a2,2024-12-01,ltc1qtltg229wfy6npenntcqsht5f7u9jp9vh23xezw,52.69852848,102.75,5414.77
LTC,cdf7bf96cd650746601186aa5abcbe4dd570868b2af5b145b0d3cd93fb110e0c,2024-11-21,MJCGgGPAxRBNAqKNLUZ4GUB4YYuY1kWHGL,30.08488849,83.41,2509.38
LTC,b04c0cbcc56731975e1829287eeaafbbb665266733974de222e4ce37b9b02edc,2024-11-07,LYaQTr1QDSXnmDdi38A13WXWDiyuWw9h7G,15.00000000,71.00,1065.00
LTC,b04c0cbcc56731975e1829287eeaafbbb665266733974de222e4ce37b9b02edc,2024-11-07,ltc1q4ad4qz8w0z7va3hesyqqm4zzyzkzemvz8rrmzw,25.44872234,71.00,1806.86
LTC,bc16818e822252e438ddde96d8d82b3fad45599595bbb7487283ef767d6f7cac,2024-11-06,ltc1qkm2fmccqe7k972j202y8j906qf62w7qpp4usd9,31.16962110,65.40,2038.49
LTC,03e25572ab5fa7eb676e1ecfb4d6bcc8d724dd194c57569b7a0e08fb9e9c3565,2024-11-05,ltc1q5yjktv0lw6pzvttr3qqfmzpxhjaxd0lsyjfl25,58.04479540,65.56,3805.42
LTC,a8681caa41b6b707aa8645f7bf01411a305a70a6e7b6f93b60e932d5aaafd08b,2024-11-02,LYaQTr1QDSXnmDdi38A13WXWDiyuWw9h7G,15.00000000,70.27,1054.05
LTC,a8681caa41b6b707aa8645f7bf01411a305a70a6e7b6f93b60e932d5aaafd08b,2024-11-02,ltc1q8t0tf74t7kusx289e7y5jmzvkkg79fufexuudc,75.36335746,70.27,5295.78
LTC,1a16f20ed9348ff2f5841086720afcbe2fdb12878113530fa86c247e5dc67307,2024-10-26,LYaQTr1QDSXnmDdi38A13WXWDiyuWw9h7G,30.00000000,68.83,2064.90
LTC,1a16f20ed9348ff2f5841086720afcbe2fdb12878113530fa86c247e5dc67307,2024-10-26,ltc1q9vl8ktqjuntd6q294t8gzcmute9dfg9fklqvrm,64.24182543,68.83,4421.76
LTC,d715a949b388cfb7c69a88ebf447b0baf28f37fa0388fb27ac9fd43cdb0a22d9,2024-10-24,LYaQTr1QDSXnmDdi38A13WXWDiyuWw9h7G,39.58994797,70.05,2773.28
LTC,408a0fd1bebaad428d02c90b26ba96e7583bcfb71aedcbc2728bd095b1ef9261,2024-10-24,LYaQTr1QDSXnmDdi38A13WXWDiyuWw9h7G,20.00000000,70.05,1401.00
LTC,408a0fd1bebaad428d02c90b26ba96e7583bcfb71aedcbc2728bd095b1ef9261,2024-10-24,ltc1q2jxgfxfsfk24rwkmmqpvf8928l7se6kdvw62yt,32.30114264,70.05,2262.70
LTC,451fde3b52ff7bee0223d9a20ade59fa34f02ab8f93a29da3587762321c4ed94,2024-10-16,MCRK8SWRWnyv7VV4hj2vDjyDxk2BQHqzTH,32.99797762,70.87,2338.57
LTC,2d63e77b3c6520ef413bccdb15a229eb2ee687f1e8667b6b30970fc072f470b7,2024-10-15,LYaQTr1QDSXnmDdi38A13WXWDiyuWw9h7G,32.26812637,66.84,2156.80
LTC,8a650149dbe8307c166aec73ed862678c1fa65e6036d60d0cfd5fd86304728a9,2024-10-10,LYaQTr1QDSXnmDdi38A13WXWDiyuWw9h7G,30.00000000,64.59,1937.70
LTC,8a650149dbe8307c166aec73ed862678c1fa65e6036d60d0cfd5fd86304728a9,2024-10-10,MGtPPhuPEDSAYTvGxo2Hjevyepk2x28D8b,51.39544504,64.59,3319.63
LTC,0ef4ad5ff451f69cd73fc3ffff5df9512d8ab5e8b225abf67a94d41ee1d965a7,2025-01-20,LgZGiNoBd1tLwoNg2VjfU7vjFHqHdS6jis,15.00000000,115.56,1733.40
LTC,0ef4ad5ff451f69cd73fc3ffff5df9512d8ab5e8b225abf67a94d41ee1d965a7,2025-01-20,MFvJhPaZimwUYMCjv6UBPCuVt95ipom2Lc,20.58212298,115.56,2378.47
LTC,2ab5189b40ce948310a124e2ba045dddd3fa3668c1bce699521ff1db78a28c39,2025-01-01,LYaQTr1QDSXnmDdi38A13WXWDiyuWw9h7G,10.00000000,103.28,1032.80
LTC,2ab5189b40ce948310a124e2ba045dddd3fa3668c1bce699521ff1db78a28c39,2025-01-01,ltc1qph0u6dza94xr4kdwlpm9qphgqq2erk8gnv7705,11.56465784,103.28,1194.40
LTC,3eaa54bd77c8bf4e4428650c04da3fa0947e4ccac921b363ab0e0a8197e7f3df,2024-12-21,LYaQTr1QDSXnmDdi38A13WXWDiyuWw9h7G,10.00000000,101.37,1013.70
LTC,3eaa54bd77c8bf4e4428650c04da3fa0947e4ccac921b363ab0e0a8197e7f3df,2024-12-21,MSCKtEKMjA75vVNtAnPwEk5VsED8pWvCy8,25.00000000,101.37,2534.25
LTC,3eaa54bd77c8bf4e4428650c04da3fa0947e4ccac921b363ab0e0a8197e7f3df,2024-12-21,ltc1qwnq7nyd65hh5e4jlm78z84qwaxvjfgf7y0nhve,34.70871382,101.37,3518.42
LTC,29dacc37fbf519ec360240134e07671cc26cd6202435a5b0857489e06b5fe4b2,2024-11-15,MRrHNtWrLZTLNXdq5xuFpCPt9Gzhv5o2LA,20.00000000,82.37,1647.40
LTC,29dacc37fbf519ec360240134e07671cc26cd6202435a5b0857489e06b5fe4b2,2024-11-15,ltc1qs79s04evzxgjzj52q4r3w79sy2seqhgtgzfy43,39.07242102,82.37,3218.40
LTC,087929692f2e6e33d8ef61de782efa76e2b136131da16fc5ba4bd3e16273c97f,2024-11-09,LYaQTr1QDSXnmDdi38A13WXWDiyuWw9h7G,20.00000000,72.79,1455.80
LTC,087929692f2e6e33d8ef61de782efa76e2b136131da16fc5ba4bd3e16273c97f,2024-11-09,ltc1qzp9864m880y2shxj5fv4sd8hwletk2e68dysd7,40.43244244,72.79,2943.08
LTC,76de2233a532ad7c4f61f970a17b25afb31eafb5b309416bde7613b3bbeab674,2024-11-03,MMdjeY3RUGzK8Fsq47T2kQVdPEQXArNSYg,32.03284564,69.20,2216.67
LTC,f982a9b2461617212de2ae19c659018b8244d440718833c6a67a0692350be025,2024-10-30,LYaQTr1QDSXnmDdi38A13WXWDiyuWw9h7G,15.00000000,73.99,1109.85
LTC,f982a9b2461617212de2ae19c659018b8244d440718833c6a67a0692350be025,2024-10-30,MTWXgxrfNcZs3zCnhHAN8vjnVon3A5Hqsw,41.36484271,73.99,3060.58
LTC,d3543f77c20257dfb5c84b46ffb7f79bd15e0709fd7b7b248dce8092cdee06c0,2024-10-29,LYaQTr1QDSXnmDdi38A13WXWDiyuWw9h7G,31.33845977,70.81,2219.08
LTC,598c1537a9b7b5a3599e60f3014b54679b79379f0f4ac852a67fc5f68f6dbf15,2024-10-22,ltc1q6ysrmm54arwsxq3n7evy296slmvcu2el5jgng2,100.14889276,70.77,7087.54
LTC,a3bb97d5a9bb15dd30f007bb32482596e70ae4b7db4bd2b87437d8297defd682,2024-10-20,MK9KcTNmynPuTKLVPeYfWWgWHfkaaTSJrZ,33.37816945,74.90,2500.02
LTC,3f72ac23c3394c19e8b5238709b36748f46a0f798cfa049414dbfb287cd1fb34,2024-10-16,LYaQTr1QDSXnmDdi38A13WXWDiyuWw9h7G,42.15349509,70.87,2987.42
LTC,a1b5b26a813595262b6648249a0369ce27e0ac69de0fc16dac4077e46fe6fe1a,2024-10-13,LYaQTr1QDSXnmDdi38A13WXWDiyuWw9h7G,20.00000000,66.19,1323.80
LTC,a1b5b26a813595262b6648249a0369ce27e0ac69de0fc16dac4077e46fe6fe1a,2024-10-13,MFfN7ekRizPuVPPp5bmpXBJ5Ww4afDwGSS,48.17633876,66.19,3188.79
LTC,19ae7163446a50b7eada8ee8251a0ae5ec464015b4eaa0d7052c87233db70adc,2024-10-11,ltc1qzepqvaffl3ccnrfrku205jeyst3deua3gghn7e,13.91851271,64.32,895.24
LTC,f54e5f7ade7081e0dda2139d407fda50163cde17550ec0b469babe62e8f4923e,2024-10-06,ltc1q7dx7xksjwp9cas8872fwntuwnygvwfkkwzkvk0,37.71995623,66.30,2500.83
LTC,a660d8243e583170f245ed20a2f99c794a5ad0854d47be6239692e23ed22a406,2025-05-08,LeVXYdaeaX7Gtm8AXe87wc5U2uqiMQM4Cq,15.00000000,89.52,1342.80
LTC,a660d8243e583170f245ed20a2f99c794a5ad0854d47be6239692e23ed22a406,2025-05-08,MSAr8z84d2iQuxzqkHxkMWLmKhqoj3RTmm,21.47510100,89.52,1922.45
LTC,4c2a8711299addedd14895624df672fb50619c734ac3c37c1ebfee580f835cf5,2025-04-24,LgZGiNoBd1tLwoNg2VjfU7vjFHqHdS6jis,11.80576363,83.27,983.07
LTC,4c2a8711299addedd14895624df672fb50619c734ac3c37c1ebfee580f835cf5,2025-04-24,MTJcGbsedPtvWrUbwXYWZZrTk8CsGKus2g,21.00000000,83.27,1748.67
LTC,4c2a8711299addedd14895624df672fb50619c734ac3c37c1ebfee580f835cf5,2025-04-24,LeVXYdaeaX7Gtm8AXe87wc5U2uqiMQM4Cq,25.00000000,83.27,2081.75
LTC,83e30739c78de5d14cbf0a79ce64bd2cf409f97d8cfca6802156e1084f7754f1,2025-04-16,ltc1qk9agwjy4nsqu0lsd0pq48785ruwfzty0dzavd2,13.36355026,75.28,1006.01
LTC,83e30739c78de5d14cbf0a79ce64bd2cf409f97d8cfca6802156e1084f7754f1,2025-04-16,MEKvYZgJrudWCee1EiRZb3dvNuZ7ismmT5,22.00000000,75.28,1656.16
LTC,22e87b19fad36bb40eb87615d4d3e6672872f86cdd83d6f9c22953e58acbf64b,2025-04-09,LgZGiNoBd1tLwoNg2VjfU7vjFHqHdS6jis,12.51555820,69.16,865.58
LTC,4087fdd685a31e74c14bcd5d38c86b1b7c079248b95d5e92c17bac0957e9ffaa,2025-04-08,LeVXYdaeaX7Gtm8AXe87wc5U2uqiMQM4Cq,28.06074912,70.99,1992.03
LTC,10846c7f72f970ac13788c3e80f27d2756c24dd2a79e8e71029aa80b2bf5abe5,2025-04-07,ltc1q2gyglxlakd7msv7frtg7l7nkpxayp7hqlkzsww,14.19584050,70.63,1002.65
LTC,10846c7f72f970ac13788c3e80f27d2756c24dd2a79e8e71029aa80b2bf5abe5,2025-04-07,MREqgVC9V2VK8JXkjVzFzB5Bhy512G7iee,24.00000000,70.63,1695.12
LTC,bef553d03252fb03e4f2e2a26c1bca9f13697ccb5a912e313c96067fea1e28db,2025-03-30,MLsqRqToAzfMyT8qPj5tsMm2abWBqRXJW3,20.00000000,85.46,1709.20
LTC,bef553d03252fb03e4f2e2a26c1bca9f13697ccb5a912e313c96067fea1e28db,2025-03-30,LeVXYdaeaX7Gtm8AXe87wc5U2uqiMQM4Cq,22.06778667,85.46,1885.91
LTC,df638480b21362b533559a6d5bf354b2ca20b1244a637f769f2f8f7a2b1db4ff,2025-03-11,LeVXYdaeaX7Gtm8AXe87wc5U2uqiMQM4Cq,20.00000000,87.49,1749.80
LTC,df638480b21362b533559a6d5bf354b2ca20b1244a637f769f2f8f7a2b1db4ff,2025-03-11,M9pjeZUuBvkV4kDnm9bxAs1fyympueoeEE,20.00000000,87.49,1749.80
LTC,df638480b21362b533559a6d5bf354b2ca20b1244a637f769f2f8f7a2b1db4ff,2025-03-11,ltc1qt6prlyh5yvrnfpxt6480wgs3ruhlazjpg20kh9,27.38933485,87.49,2396.29
LTC,8bd7f2c4f1ea891ededdbcd0992d8755ee811e9483b74146ca157fb3d6479c19,2025-03-09,LgZGiNoBd1tLwoNg2VjfU7vjFHqHdS6jis,11.35954856,102.34,1162.54
LTC,5a9b69b1e4a83f849c1b1799b070d6620018e3a9023a672abe0cb5d307f74b52,2025-03-08,LeVXYdaeaX7Gtm8AXe87wc5U2uqiMQM4Cq,16.71071812,103.71,1733.07
LTC,bef8a7cd1cdc9b84de1f80a3e9f6eea591dad693b8df447ad95737a5d8816032,2025-03-08,LgZGiNoBd1tLwoNg2VjfU7vjFHqHdS6jis,5.00000000,103.71,518.55
LTC,bef8a7cd1cdc9b84de1f80a3e9f6eea591dad693b8df447ad95737a5d8816032,2025-03-08,MF54pQjBtKUMoyv96y9bBSHsCTS2vamfZ4,15.00000000,103.71,1555.65
LTC,bef8a7cd1cdc9b84de1f80a3e9f6eea591dad693b8df447ad95737a5d8816032,2025-03-08,ltc1qe75n7gc70qrlqgge4hvmys9mpv8h3nxgslmv4u,20.40389811,103.71,2116.09
LTC,28b91974c82247f617ac135d99abb978c247f3edffa216a429e3704385291b4c,2025-03-03,LgZGiNoBd1tLwoNg2VjfU7vjFHqHdS6jis,6.66416851,127.89,852.28
LTC,28b91974c82247f617ac135d99abb978c247f3edffa216a429e3704385291b4c,2025-03-03,LeVXYdaeaX7Gtm8AXe87wc5U2uqiMQM4Cq,10.00000000,127.89,1278.90
LTC,28b91974c82247f617ac135d99abb978c247f3edffa216a429e3704385291b4c,2025-03-03,M9Dxnvp7o7J9mFNzp8fSe3yD7G3FYfWPP9,14.00000000,127.89,1790.46
LTC,45d3b75071dad8e11393ffa8a1e5359c15d1a72e20ebada951a2b9527d8f0d26,2025-02-24,LgZGiNoBd1tLwoNg2VjfU7vjFHqHdS6jis,8.90775374,129.86,1156.76
LTC,45d3b75071dad8e11393ffa8a1e5359c15d1a72e20ebada951a2b9527d8f0d26,2025-02-24,MLYtSeu7w7BrQuC2FiNkcKADuuKcTAhjQ2,12.00000000,129.86,1558.32
LTC,09026fc726094432f4e8b75f4470e6ba6979b404df8d20beca84ade9a7449613,2025-02-20,ltc1qu8v9nzzvzsq8sz650w6ksedvk6045h25a9aujq,17.38805993,134.88,2345.30
LTC,e833c105e32650ec77b15d276a4572e0d6e98a58a749b31d7da354e758054c13,2025-02-18,LgZGiNoBd1tLwoNg2VjfU7vjFHqHdS6jis,7.61868413,122.31,931.84
LTC,e833c105e32650ec77b15d276a4572e0d6e98a58a749b31d7da354e758054c13,2025-02-18,LeVXYdaeaX7Gtm8AXe87wc5U2uqiMQM4Cq,9.00000000,122.31,1100.79
LTC,3b27225852f0699aa04e5e1af991c2c84da6043e8db6fea73f518d1d00e8a607,2025-01-27,ltc1qzjxhzx5650dyr47090gr6fh94lnyll3hply7y8,30.60241986,117.07,3582.63
LTC,7342ac8ad3b00e6bae0ad340cdbc80488e55d4280e220bbdede5e3fbf189e145,2025-01-22,M8gom1f8mwym9bSueMdaMtugERHJXRwbQq,20.00000000,119.11,2382.20
LTC,7342ac8ad3b00e6bae0ad340cdbc80488e55d4280e220bbdede5e3fbf189e145,2025-01-22,ltc1qvck8tg9fdlsnmnthj32fv25smn8tj4a5mxw3hy,29.55011368,119.11,3519.71
LTC,9a23422d411181eb4d73f2a3bdb51ffc2bfa106536eadff502d5588e9dde5b2d,2025-01-16,MLzZP8t4y91CcdGVoygXamm62wBsknAUB9,24.13637826,116.96,2822.99
LTC,b99105227cff21aaaf26c8727bceada2c5776b23ec016fec9139adac8ec404a9,2025-01-11,LYaQTr1QDSXnmDdi38A13WXWDiyuWw9h7G,15.00000000,103.94,1559.10
LTC,b99105227cff21aaaf26c8727bceada2c5776b23ec016fec9139adac8ec404a9,2025-01-11,MCYbdqM7PX6GHmmpYqVMKBaMUiaa7D6ECQ,19.28235261,103.94,2004.21
LTC,1bd8a3ede130a5c0bea8093f9e0be2aa4659622ec3755bdf809c4a8da9c10206,2025-01-09,MVThcJN2okdgFavUJMs43zU6q7MYdWobb7,20.00000000,101.43,2028.60
LTC,1bd8a3ede130a5c0bea8093f9e0be2aa4659622ec3755bdf809c4a8da9c10206,2025-01-09,ltc1qpzdcchtepvfen84m3ysvwsku5kftx88e5e6gds,23.38257529,101.43,2371.69
LTC,6d98181c9bfb899d0c5aa7a87698ff4446b386d139d0f566bb154038d98725f9,2025-01-06,ltc1q3g5kp0de9sqevfqrxamzqcecgsglal0hverslt,14.96503743,115.72,1731.75
LTC,5a8108c8d2a7dbe241d4501f1ed9443bceb5b3909dabee992cd7a8cde08d50ba,2025-01-02,ltc1quj2vpdn7rql4leyx08xjlzpns26vz9ukjtljh8,34.87515198,105.23,3669.91
LTC,bd39add6218e0407d87cbfb321cb85e685171d515a3079a5e8cb0103f3b91ae6,2024-12-22,LYaQTr1QDSXnmDdi38A13WXWDiyuWw9h7G,10.00000000,101.57,1015.70
LTC,bd39add6218e0407d87cbfb321cb85e685171d515a3079a5e8cb0103f3b91ae6,2024-12-22,MX9pYzN76fhPhxbzDWHHFfAtaCSrMKhAMB,20.41748317,101.57,2073.80
LTC,0cf3065c3d335fdfdb6244ef92e105ef29040bfeb95f26b201c279bb1bed1bd9,2024-12-04,ltc1q34x7yzcemxw4t44wxutzp23fnfx6zukzqf83ur,23.90729829,130.90,3129.47
LTC,f4f2733dd812b1864120456987170b236c3036c66ded4934ee549e45bcb2ff40,2024-11-12,LYaQTr1QDSXnmDdi38A13WXWDiyuWw9h7G,15.00000000,80.04,1200.60
LTC,f4f2733dd812b1864120456987170b236c3036c66ded4934ee549e45bcb2ff40,2024-11-12,MQdDPSXgunB63cMjUzzPTU8ELv7xdNMzY9,36.66688325,80.04,2934.82
LTC,b1cd3bf89f3f0829691b41adb497f548c0d54473ec7abb0985f416bd3ac5ebe3,2024-10-22,ltc1qql3ttpxhhzyhrl6l2zahnldkh2craqgpsclhud,23.57829815,70.77,1668.64
LTC,b1cd3bf89f3f0829691b41adb497f548c0d54473ec7abb0985f416bd3ac5ebe3,2024-10-22,MSJBZD6pKVo4jFUpMfmsd6UdHgXwYx9Qvd,40.00000000,70.77,2830.80
LTC,959e46ff7154785f886b1e55c348403016aa14070c4ca8ec639d4e82f40865c7,2024-10-19,LYaQTr1QDSXnmDdi38A13WXWDiyuWw9h7G,20.71967938,73.11,1514.82
LTC,84905a1c47db5a204fa2b5c6d5e8719768deda50993ccc4062fe604fab42bd7e,2024-10-06,LgzbsbLsmev66YVzQdXqEfTTTBoRqmUUTf,15.00000000,66.30,994.50
LTC,84905a1c47db5a204fa2b5c6d5e8719768deda50993ccc4062fe604fab42bd7e,2024-10-06,ltc1qf046q96qx8uqlsx0kzuusrytfaz2e48rch252a,16.93286209,66.30,1122.65
LTC,42a1cae3ec359a18b60a55d3f608ec2711413c98f5f1f454a18a2a46255b40a0,2024-10-19,LYaQTr1QDSXnmDdi38A13WXWDiyuWw9h7G,20.00000000,73.11,1462.20
LTC,42a1cae3ec359a18b60a55d3f608ec2711413c98f5f1f454a18a2a46255b40a0,2024-10-19,MRZTCnJN5CCxuZKMqFfQzDvqRDPakJy636,30.43355621,73.11,2225.00
LTC,268535539f70ddcc3565301b6eb39b91dae56c16ca160ea42ec614d659534f8c,2024-10-18,MAHUWU98iSqGEGA9zb6zA49Y621uhKbEAy,43.77913637,72.79,3186.68
LTC,cdf18ffeac48918354d67be73b88030b29cb8e156d04df0b442f49ac93ae9ff1,2024-10-11,LYaQTr1QDSXnmDdi38A13WXWDiyuWw9h7G,15.00000000,64.32,964.80
LTC,cdf18ffeac48918354d67be73b88030b29cb8e156d04df0b442f49ac93ae9ff1,2024-10-11,ltc1q4lhdgpzwrxze49cgqjw4n78fd7n9xwakfrlxur,31.88760954,64.32,2051.01
LTC,177bc02039637a8a49e08851288bbf50b2de3cd95058c4b387705a8c7768ab9e,2024-10-10,LYaQTr1QDSXnmDdi38A13WXWDiyuWw9h7G,41.05185346,64.59,2651.54
LTC,0b638ee248bfced10fc31be73722f49b321226a9aadc63c2d33aaf14b559a3da,2025-01-14,LYaQTr1QDSXnmDdi38A13WXWDiyuWw9h7G,20.00000000,98.38,1967.60
LTC,0b638ee248bfced10fc31be73722f49b321226a9aadc63c2d33aaf14b559a3da,2025-01-14,MSq35Xq58wQjNBbnWYLqQ3Y82yboWYvFMM,21.43594805,98.38,2108.87
LTC,d03d35d90a8b22b13dd9f7849437b25178cc45ffe6da984901f07f5a5c312341,2024-12-28,ltc1q6d5sq0mr7le4qhlweul9g7vjpcv2udukgq2rc2,53.69870610,100.58,5401.02
LTC,63cfba80bf0ab97b7131c857953454d029401cdafc0e46b76bf5f6626a55dd3e,2024-11-29,ltc1qx9d4em0e23spcmp6372f8get0006xjhf35j58s,35.33776734,95.54,3376.17
LTC,ee088927dff53f9c976985a7eb767d90c312093136e67ee19788c77575816c4e,2024-11-25,ltc1qmx6sz265vdqljg34lgn6spyxe7j2lajh8fazln,45.56381046,96.92,4416.04
LTC,3d740912a426421c04bdb7690565285dcae9dd5b3e6df3149c507ce2a767f7ef,2024-10-14,LYaQTr1QDSXnmDdi38A13WXWDiyuWw9h7G,20.00000000,64.80,1296.00
LTC,3d740912a426421c04bdb7690565285dcae9dd5b3e6df3149c507ce2a767f7ef,2024-10-14,ltc1qy5jsau6jhuxwntsyj8mvtg88plu2kajj8gd7py,27.27246570,64.80,1767.26
LTC,11dab4d0b904215983412c093bee534fec0797b68ef2e93d1fda2e0790ff11a9,2024-11-08,LYaQTr1QDSXnmDdi38A13WXWDiyuWw9h7G,15.00000000,71.46,1071.90
LTC,11dab4d0b904215983412c093bee534fec0797b68ef2e93d1fda2e0790ff11a9,2024-11-08,MGEU3SKSt8NZGD7Ns46JNQGs8hA1ci2CFq,35.88916401,71.46,2564.64
LTC,00d60eee25000d442b0dbeb94a5e9e475f72507c790bd83a6cce16f8682d39f4,2024-11-04,MWuvRUjJyTG41VdBgTpj2ftZHyQBfTSa39,29.49070044,66.85,1971.45
LTC,0d9c218118f8e79080d14f26424c2a3dce36f018e30847f1480689832a9da0b0,2024-10-28,LYaQTr1QDSXnmDdi38A13WXWDiyuWw9h7G,15.00000000,71.10,1066.50
LTC,0d9c218118f8e79080d14f26424c2a3dce36f018e30847f1480689832a9da0b0,2024-10-28,MU8jZPfPGaivBbvEn6BedEVk3saxK9jLWZ,34.23763996,71.10,2434.30
LTC,40a8657c694bdb832a8b6adf9ee99466feddb7a2ca69624e96a97a5bd1815ded,2025-04-30,LgZGiNoBd1tLwoNg2VjfU7vjFHqHdS6jis,11.07968915,85.56,947.98
LTC,40a8657c694bdb832a8b6adf9ee99466feddb7a2ca69624e96a97a5bd1815ded,2025-04-30,MPpqgv9fgEWYkThTApySUJnAtrWmNRyXGZ,25.00000000,85.56,2139.00
LTC,841ceab510869e4ed3d177d4628e2185f09a8b28419dead6214df204d08cb03a,2025-04-22,LeVXYdaeaX7Gtm8AXe87wc5U2uqiMQM4Cq,21.23129679,78.14,1659.01
LTC,985e22b62f53b6d9d797e6f027409b56c6fdb442fd3037c07f103e699a603b68,2025-02-19,LgZGiNoBd1tLwoNg2VjfU7vjFHqHdS6jis,10.00000000,129.75,1297.50
LTC,985e22b62f53b6d9d797e6f027409b56c6fdb442fd3037c07f103e699a603b68,2025-02-19,LeVXYdaeaX7Gtm8AXe87wc5U2uqiMQM4Cq,12.95611612,129.75,1681.06
LTC,985e22b62f53b6d9d797e6f027409b56c6fdb442fd3037c07f103e699a603b68,2025-02-19,MDWgTJzAvahYgfZoxQJ6bq6jjBXjaA2iVC,15.00000000,129.75,1946.25
LTC,d8f1a028e4340566687a4596f90d51531e871f99c17b7b032b7c4ec8bb506f6e,2024-12-29,ltc1q3aal2qferj3a8f3gtthu8k90gel2u26ektnu4h,27.37955245,100.75,2758.49
LTC,9fd2df709a8f2d297505944cc7ee94650814f11ca0b17ec4404dd8c60f0a97d1,2024-12-03,MLJfLK5kzy7NNE1sxGidpuqBdFqcMUSEZM,29.50330729,132.93,3921.87
LTC,5cb41c7aa4abe5416d70dc8647570d098180a7314cb42789afdfbd37c69b8cc2,2024-11-22,ltc1quv4g6me3veljsu3uz7jsmkgj2ehlxjnst8tuhx,26.90252764,89.51,2408.05
LTC,bfbff259999b615abe20a8ebad75e15b875738f30ef3bacb9aa1233571f09134,2025-02-03,LgZGiNoBd1tLwoNg2VjfU7vjFHqHdS6jis,15.00000000,109.13,1636.95
LTC,bfbff259999b615abe20a8ebad75e15b875738f30ef3bacb9aa1233571f09134,2025-02-03,MUuo7hv1ZUHd23vxgi4Dn3nKrubeknqF7u,22.36638359,109.13,2440.84
LTC,6385da3f6710247b13f005e3743ec15d90d86279bfd62b5a317d1f418d33938c,2025-02-22,LeVXYdaeaX7Gtm8AXe87wc5U2uqiMQM4Cq,10.00000000,128.10,1281.00
LTC,6385da3f6710247b13f005e3743ec15d90d86279bfd62b5a317d1f418d33938c,2025-02-22,LgZGiNoBd1tLwoNg2VjfU7vjFHqHdS6jis,10.00000000,128.10,1281.00
LTC,6385da3f6710247b13f005e3743ec15d90d86279bfd62b5a317d1f418d33938c,2025-02-22,MEXarSMRDpzoa4dvQsiAU5uBnna34iV9y9,13.54824371,128.10,1735.53
LTC,47c3473e3b8b14ff9d52590d655bb7f8b282810579cb0daeb2867d3205096704,2024-12-17,MPbs7bVSAo8BCkVmZrzu2qpxh5FxiEQwFJ,18.60529096,118.00,2195.42
LTC,fe55d3516ecafe78733fdff82544f8982644b918fcd04f930f2237590edc1645,2024-11-13,LYaQTr1QDSXnmDdi38A13WXWDiyuWw9h7G,15.00000000,76.69,1150.35
LTC,fe55d3516ecafe78733fdff82544f8982644b918fcd04f930f2237590edc1645,2024-11-13,ltc1qq78vg9tz3dcam73j75danzw7u268yk0dy0qgtc,20.01104333,76.69,1534.65
LTC,db2267431873c0312c35038b2321d95a64a9d5f28b18cd7f39be4aba8e6c1cc8,2025-02-15,MQCXDnqC66mwP367MUPgw45tJfT1yaK66D,15.27403557,124.90,1907.73
LTC,cfb23b59a643fe3cf9b403d1d66c6d81f83f1e57c9b75835c5e98df24d3ed787,2025-01-18,LYaQTr1QDSXnmDdi38A13WXWDiyuWw9h7G,15.00000000,137.04,2055.60
LTC,cfb23b59a643fe3cf9b403d1d66c6d81f83f1e57c9b75835c5e98df24d3ed787,2025-01-18,MAvA6ELLQBnQyNVRAxKwyYSUeFEAdZ9Rx7,19.27022632,137.04,2640.79
LTC,bb7ac4bc6e5a7c039611de282708efbf7a36daadfba9957a75f5d109e7aad25c,2025-01-12,ltc1q75vtnrxte5a4dvpp3yaw5f50xzyysglvhwdj2v,48.77338016,104.40,5091.94
LTC,f5bfc03e6cdd0f0ffd2fbf50fe751533e4ccb30b7786e0f2dc2df189f6d4f626,2025-01-07,ltc1qys6w4kzh0em985vxp2qglvjw4re420efndyuu3,13.64069183,114.00,1555.04
LTC,f5bfc03e6cdd0f0ffd2fbf50fe751533e4ccb30b7786e0f2dc2df189f6d4f626,2025-01-07,MJTWYfyQZgd7ShGDtYL2iB48HrvUvRWYLs,20.00000000,114.00,2280.00
LTC,ab87e40da0d939ae6e105307d31fe3f2d4442d4c6cf2ed3ccadb52be0fd81f23,2024-12-27,ltc1q63rrmwznmeavvmat6lq2sf82dsytyzvzg8xfrc,11.37837593,102.24,1163.33
LTC,ab87e40da0d939ae6e105307d31fe3f2d4442d4c6cf2ed3ccadb52be0fd81f23,2024-12-27,LYaQTr1QDSXnmDdi38A13WXWDiyuWw9h7G,15.00000000,102.24,1533.60
LTC,a21703e8af9e5c30fc4891fff16ce500fbd5bf3fc9b35e86aad900d8550fbe50,2024-12-09,ltc1qpetqtjg23c2m3lnf93jwfcd6cvlep4k0vcq6xq,33.36035020,134.91,4500.64
LTC,964353e1ab470904860a1e61a16e10060f8af56ef29123628d2b724b9a5be57a,2024-12-07,LYaQTr1QDSXnmDdi38A13WXWDiyuWw9h7G,8.00000000,135.94,1087.52
LTC,964353e1ab470904860a1e61a16e10060f8af56ef29123628d2b724b9a5be57a,2024-12-07,MN8oGtRtPxEBYKhk2bEjbHQaVXPexDpjxL,15.00000000,135.94,2039.10
LTC,964353e1ab470904860a1e61a16e10060f8af56ef29123628d2b724b9a5be57a,2024-12-07,ltc1q2c9l32y8n03ctqgpw9yw5h2tv095kz2elk4cu6,21.49232327,135.94,2921.67
LTC,7ba458de7a8bf6a7557b79090d3747ee8e9a526dc180565ab95870b849b37bf5,2024-10-31,ltc1qucye0x0hnsa3vq8q8z7d6zlzt376ay8j2v2q7h,26.41567329,71.76,1895.59
LTC,c12402baf9d4b597bdb6edcdea1fa103998788578e6deb3fa15b8f06a7c6937f,2025-02-15,LeVXYdaeaX7Gtm8AXe87wc5U2uqiMQM4Cq,8.36635571,124.90,1044.96
LTC,ffb84106ede1e5ab4d7bf71e3833c7646d0e3c7fd27edfa8d0bec6a17b2b80f3,2025-01-24,ML3QpVLAzV1RrcrWxx7PYUdGd5AFgGFZiF,22.74501724,116.42,2647.97
LTC,251aaf8da2c04b96e0b08cf469057b1e0fc3ada3990aa19968d61f46edcfe566,2024-12-26,LYaQTr1QDSXnmDdi38A13WXWDiyuWw9h7G,15.00000000,109.82,1647.30
LTC,251aaf8da2c04b96e0b08cf469057b1e0fc3ada3990aa19968d61f46edcfe566,2024-12-26,ltc1q96ltw3x2wacuaumky6ahksvg5kh9e4d938kerw,30.00859896,109.82,3295.54
LTC,a69165698f8b3cd1ec332f5c6b5f6a448be7123679b0007aa01d7ed3d25c549d,2024-11-28,ltc1qhz6xuu6znrr44e9w0kfhz273m07fne78d0yv7v,66.19599282,97.25,6437.56
LTC,d0d151c4dd01dfa1e8176e159119a40c02c556c7aeffd54a26a2dc98c1ae52a3,2024-11-20,LYaQTr1QDSXnmDdi38A13WXWDiyuWw9h7G,20.00000000,86.67,1733.40
LTC,d0d151c4dd01dfa1e8176e159119a40c02c556c7aeffd54a26a2dc98c1ae52a3,2024-11-20,MVLAkqhWP1FkVJujeSEsE6dRCbwWg7nCih,27.36629047,86.67,2371.84
LTC,f3ff84a7a572bade7d93af88b2be074663c8e0a411a5af1646ef05f7afbd59db,2024-11-15,LYaQTr1QDSXnmDdi38A13WXWDiyuWw9h7G,19.87259273,82.37,1636.91
LTC,483be2634c30479bea5fd46671db74777093d39c53d6b40591dbf2f0eeea1f5b,2024-11-11,ltc1q8zyps9wa4jyhtxe47s3af3pzqsv3kgzqlhz2w8,46.20974117,76.58,3538.74
LTC,63201c2d16bcbc1e053861e0bef4f501a19fa2b590fe4d9c139468361447ba64,2024-10-23,LYaQTr1QDSXnmDdi38A13WXWDiyuWw9h7G,22.46406690,70.03,1573.16
LTC,9145baa8b8b866a7ef664dc8163f1f76dacb65b6f69d7fddd0e1e751e0e99a8a,2024-12-02,ltc1qy9yt8mzuq6cv3ksj9ln33hej892uw8z2wdfkcu,26.12293417,119.57,3123.52
LTC,1b9b60b5f3059940b5f14b0fb672beb8fcf45b3e12fad7d54d38d07aa1eab38b,2024-11-22,MVt2TRa7HSkStTeYRxYPabeW8Zjp9dyQsC,25.44356249,89.51,2277.45
LTC,897df7230d17f0159f365d0212493a5b2767bd251af4d098914e1773608727c9,2024-11-19,ltc1qwjtd36057s54dtmg9amhnhqar6n9wjgjeksy3v,17.63090695,89.21,1572.85
LTC,59495314e82ab206c83ba1e13cdc43ca37f719f53b46592ed8103fa0560285d2,2024-11-04,ltc1q920jqqs0htkgfrafvexlwzgl2rang2txanjrms,21.44844613,66.85,1433.83
LTC,7cc420cf630ba62282588ef101ae56436e908003c04a6c840dde61abdc5bae51,2024-10-27,ltc1qdxev39eusnsp85khe2atga9j8jtp8vpuxn6a20,40.74277364,68.47,2789.66
LTC,d3f97c23a703de0a1af198fa2661fd4ec29c3a61c99cd5a55ce43958088edba6,2025-03-19,ltc1qv5n7q45ygvdnhlrxlrplgqzqdwjuegsuvr0rf0,13.06773853,90.03,1176.49
LTC,d3f97c23a703de0a1af198fa2661fd4ec29c3a61c99cd5a55ce43958088edba6,2025-03-19,LeVXYdaeaX7Gtm8AXe87wc5U2uqiMQM4Cq,20.00000000,90.03,1800.60
LTC,d3f97c23a703de0a1af198fa2661fd4ec29c3a61c99cd5a55ce43958088edba6,2025-03-19,MHHMPTRxAb7qXskh8efmXdBcXcFs5SvRCg,20.00000000,90.03,1800.60
LTC,6517c86686193c78665856042082fd5ea7b525640a19770ed05138e575ebf939,2025-05-13,ltc1qjsz2z76q493q6fyuwhmjjc6ff3ds29a5eaz89s,17.08953740,103.84,1774.58
LTC,c7926969956e7b9222eb0f3aa549580561e463164d5d4b74aa9864550137e7a1,2025-05-11,LcAmRWcoogxkJuEs6uW3ese4qDK4Wr9BNf,4.74665259,105.26,499.63
LTC,c7926969956e7b9222eb0f3aa549580561e463164d5d4b74aa9864550137e7a1,2025-05-11,LeVXYdaeaX7Gtm8AXe87wc5U2uqiMQM4Cq,8.00000000,105.26,842.08
LTC,b07f29b6a7705c0f783c2f3117b2b7c1481ca4bfe385287835ef76a128f2efa0,2025-05-10,LeVXYdaeaX7Gtm8AXe87wc5U2uqiMQM4Cq,9.70120294,100.52,975.16
LTC,b07f29b6a7705c0f783c2f3117b2b7c1481ca4bfe385287835ef76a128f2efa0,2025-05-10,ltc1q2zvq3xuytm38tpucrz9hqk8yq89y9q586vp72a,16.61846541,100.52,1670.49
LTC,1a2132bb684efb167a328df2f3f6c74b4c72c6069ba182fc1a45cb8c63ac0a11,2025-04-27,LeVXYdaeaX7Gtm8AXe87wc5U2uqiMQM4Cq,11.00000000,87.06,957.66
LTC,1a2132bb684efb167a328df2f3f6c74b4c72c6069ba182fc1a45cb8c63ac0a11,2025-04-27,ltc1qatxa85dxmyk6pg7pkzq05mhd8kzt3p4jtttsx0,18.49122944,87.06,1609.85
LTC,07a269e87d571d50bf164006e0972dd69534414830b4220d5da085096c6acbc7,2025-04-10,ltc1qpyyy6s5zy96kdvx4apmek9ew9cqlq8gdl54qlz,50.37099782,76.03,3829.71
LTC,cd1adf1a275520078b3b5476c1feacd5c8b594841bf50ac52d985ef4fb33f4a5,2025-02-09,ltc1qrw9pmpfxy3g4fqndf66nya2kzy29xhsx5rphc9,38.52040412,104.69,4032.70
LTC,52edc0c372e83c2ea500b15d3467cea7a8f2cad88b01ef961c4a4b6968488c7c,2025-02-06,ltc1q0qemnjhmyfvrmen8qdygag6ydntfpepf8p2jah,24.36145318,103.38,2518.49
LTC,cef6c0d154e4004eef6e8fb4ffdf2ec0f21fb62a9e4f32569bae1da59a6ec0be,2024-11-23,ltc1qwajpankn8v8a29a9uf4x9etrgu78ekpnyc3ny6,16.55861072,92.20,1526.70
LTC,5f3967b38e796af7672b48a3e8f50738b978c7253528a48215d374d62d436938,2024-11-10,MCvWRiddzzWTYjxq4ELGtx9Yh3S3Ah5FGf,35.30384299,73.98,2611.78
LTC,d4c7f97a0a0ebae48fd46a36c3fa3144417f52046280f72401b166ec348a36cc,2024-12-12,MVpX1AnAsa6HAE8z9ywW22kSMsFzUgijnS,21.02322193,117.30,2466.02
LTC,6d8ec054d44b1b5990c0b8ffa54599cb27a42988a4830ddf76a4782ae845490a,2024-12-05,LYaQTr1QDSXnmDdi38A13WXWDiyuWw9h7G,8.00000000,133.69,1069.52
LTC,6d8ec054d44b1b5990c0b8ffa54599cb27a42988a4830ddf76a4782ae845490a,2024-12-05,ltc1qxls4fe4htckra5myhcwera3k08dkkm3zpwskrr,9.39937738,133.69,1256.60
LTC,adbbd9150bfecc0780a5cb5424d8f43c6d7f79f55f272563a54d527dbe03e8f8,2024-11-25,LYaQTr1QDSXnmDdi38A13WXWDiyuWw9h7G,19.01349557,96.92,1842.79
LTC,9bce4fb21530683fe072d5ce3fcce2637ff01aef01b36e58b29ecbf5664f1cd2,2024-10-15,MDxyyA7VNzDsu1oFvBkLazGfTe4sPKMqCZ,46.53722445,66.84,3110.55
LTC,5c40ba1228dd31cf45ed4dc02d2faa94061374cb1d63f982ec8a5761ddc118bf,2025-04-12,MRfq7rsDfXtgDka4BXAX6wVBdx75V1pQBN,20.00000000,76.19,1523.80
LTC,5c40ba1228dd31cf45ed4dc02d2faa94061374cb1d63f982ec8a5761ddc118bf,2025-04-12,ltc1q30nanjhg69j8wc642xsf28n8hzd2kpaf99yxkj,38.60646752,76.19,2941.43
LTC,092a144f2ca9f3801152739a74d0d28829d1d8b654ec4cdd61a52b753af96b3c,2025-03-06,LgZGiNoBd1tLwoNg2VjfU7vjFHqHdS6jis,15.00000000,104.73,1570.95
LTC,092a144f2ca9f3801152739a74d0d28829d1d8b654ec4cdd61a52b753af96b3c,2025-03-06,LeVXYdaeaX7Gtm8AXe87wc5U2uqiMQM4Cq,17.02945953,104.73,1783.50
LTC,092a144f2ca9f3801152739a74d0d28829d1d8b654ec4cdd61a52b753af96b3c,2025-03-06,MMKMurDiCRKhxgn2gPLmeQ5MhkN8bWiZbo,20.00000000,104.73,2094.60
LTC,79bc17888a8fd4d454e5ea1aff585b0af76ca9e8a736569b7c9ca6ee8d2df466,2025-03-04,LeVXYdaeaX7Gtm8AXe87wc5U2uqiMQM4Cq,14.46421732,109.90,1589.62
LTC,79bc17888a8fd4d454e5ea1aff585b0af76ca9e8a736569b7c9ca6ee8d2df466,2025-03-04,M9XviHubt8DBxmz4bX1B96tkQiafF9Vqk6,15.00000000,109.90,1648.50
LTC,e146484bc26f0b09f31383f6746820f579e334a3bf477b94829db49de9193181,2025-02-12,LgZGiNoBd1tLwoNg2VjfU7vjFHqHdS6jis,9.00000000,119.26,1073.34
LTC,e146484bc26f0b09f31383f6746820f579e334a3bf477b94829db49de9193181,2025-02-12,ltc1qcj0se94ernt4t487f4lulm4mytc99v7zal6zun,15.08106377,119.26,1798.57
LTC,493ff3105e603a5a8ec304a5bf47753e34f95b0215ee17d2044c45ae0a10404e,2025-01-13,LYaQTr1QDSXnmDdi38A13WXWDiyuWw9h7G,13.00000000,102.35,1330.55
LTC,493ff3105e603a5a8ec304a5bf47753e34f95b0215ee17d2044c45ae0a10404e,2025-01-13,M8WiYy3AsEwTjrQSirpWcEZtdtejRLVK1s,18.36304981,102.35,1879.46
LTC,db35d3a5999126ef0e8b791bf3db25574c12aca65d049182f9aef0e6fee4ff7b,2025-01-10,LYaQTr1QDSXnmDdi38A13WXWDiyuWw9h7G,15.00000000,102.23,1533.45
LTC,db35d3a5999126ef0e8b791bf3db25574c12aca65d049182f9aef0e6fee4ff7b,2025-01-10,MBtESaBcrLYK2n6ALJ911wDBHRCP3owQqF,17.68013507,102.23,1807.44
LTC,c67b3b329e180e4ca29a4fb36d5212fab706d680e49ca0a0fb8caffc610c3466,2025-02-12,LgZGiNoBd1tLwoNg2VjfU7vjFHqHdS6jis,11.69862190,119.26,1395.18
LTC,ad5a64207924d8c6e9e27bf01c93975abba65856b4a106124f7806000df5b04a,2025-02-07,MRQvYk2c7SkrpQQvuxXjG93dWavjJmuNLC,18.49045062,101.66,1879.74
LTC,d1361b2d905c1e9df79534dd3138183b0e2fc7d897ac02221c4059d7969fe89e,2024-12-24,MAKWhz6WqUYXL7q3MYPhM6NzGTGJv5itpM,25.33243132,106.76,2704.49
LTC,acf55738e26fcb129bd190edd9f5941cd1ed51a505e07653fdead2d64e6c01c0,2024-12-14,MQLRVi3YSwXW8FscNd4x3bZdrhfKkwZqBR,24.60068103,124.52,3063.28
LTC,efc37b7a01f71438d3155b8a5b09ddab64c358397e71d0146851cc023b4ddd95,2024-12-11,LYaQTr1QDSXnmDdi38A13WXWDiyuWw9h7G,9.00000000,109.79,988.11
LTC,efc37b7a01f71438d3155b8a5b09ddab64c358397e71d0146851cc023b4ddd95,2024-12-11,ltc1q8ktk2775dpr9krsq500tzasa0h0ka5zzu9m2mf,23.05823070,109.79,2531.56
LTC,bcdad53fadc07c0892a9942c8108343da84ddb14423501dc7036bc801c1885bb,2024-11-26,ltc1qq7mk25meg48zzw9ug2qhwhf6qzk74uhhtes7ua,11.91267526,92.23,1098.71
LTC,85ddce50e91b2142e52cdfa2c99dfe689f1631f352dcc9c60232611ad37388b6,2025-02-11,MS2GK7aBB6Cdc3hyxo8YUwjdFqn8N5Ca25,14.43822565,120.21,1735.62
LTC,bda9f9d99377b15847de8a7d43b7865570f252f45f9cea3f43973b2b792c551a,2025-01-23,LgZGiNoBd1tLwoNg2VjfU7vjFHqHdS6jis,10.00000000,115.38,1153.80
LTC,bda9f9d99377b15847de8a7d43b7865570f252f45f9cea3f43973b2b792c551a,2025-01-23,ltc1qxzvepz0ln078sy56a2gmreucyajeahm3fpmmy9,12.95471881,115.38,1494.72
LTC,1dd3e35023e975f4f56f7245841b68c3255caf4324421013f56c72bb7cc7f917,2025-05-06,LgZGiNoBd1tLwoNg2VjfU7vjFHqHdS6jis,5.74697276,83.25,478.44
LTC,1dd3e35023e975f4f56f7245841b68c3255caf4324421013f56c72bb7cc7f917,2025-05-06,MD82jCcALzYd8gXEHBmAhikpJNGqwtb1pk,19.00000000,83.25,1581.75
LTC,a3e3e84016517aaee0ce1acca99267d6df7d705e8d5736ee16f41e27dbb43dea,2025-04-19,ltc1q9a0xesam65vdlfpfmw6zhfr2dz4x5cwnj7net7,23.27104254,76.00,1768.60
LTC,a3e3e84016517aaee0ce1acca99267d6df7d705e8d5736ee16f41e27dbb43dea,2025-04-19,MKSUm9ozvPw9LP1A5rfyQXEVPkNH5GxtCp,25.00000000,76.00,1900.00
LTC,a3e3e84016517aaee0ce1acca99267d6df7d705e8d5736ee16f41e27dbb43dea,2025-04-19,LeVXYdaeaX7Gtm8AXe87wc5U2uqiMQM4Cq,30.00000000,76.00,2280.00
LTC,dd0b3ce14bda2a2925367a7fe775a37863c55dd0db0acf9fad944cc0657efb5b,2025-04-15,LeVXYdaeaX7Gtm8AXe87wc5U2uqiMQM4Cq,30.83878978,77.19,2380.45
LTC,a691d0c9eb5fdf0d2b6eae3596165ab83cb60006e52ce20637d390fa68a03332,2025-03-24,ltc1qc67uejrahhgyqz4dc2kzv4eutam9atkxsj4h90,29.39451184,91.48,2689.01
LTC,6a0859a9baccf6752c00618983f08aa522be244493795550dd9474abb368fc0b,2025-03-12,MWdR8ugMv1EETcaKPWtkMzXzNJTqLbvRV6,25.29232637,90.45,2287.69
LTC,af634147a6e038775ea8726789d7597a2e7c88d1195be53c4ac5f42877641b75,2025-02-24,LeVXYdaeaX7Gtm8AXe87wc5U2uqiMQM4Cq,14.42182037,129.86,1872.82
LTC,a910ab1da18c706be73008e85302b4908cdc4719871bb7d0f6866581899da1e9,2025-02-17,LgZGiNoBd1tLwoNg2VjfU7vjFHqHdS6jis,9.00000000,125.72,1131.48
LTC,a910ab1da18c706be73008e85302b4908cdc4719871bb7d0f6866581899da1e9,2025-02-17,ltc1qyjuzmvw89s9tvj6tlw9965qe2narwy2ja7dch6,9.74648623,125.72,1225.33
LTC,4c1484897d39a75afaaa80dddcc831af9a163168ae66df56bb48331f70541a0a,2025-02-14,ltc1qn8p8nk539rdjyjyeph3qwt0u2v7wnk8pj4r67j,37.44509526,126.62,4741.30
LTC,08878b8e6a4c8b93940194eab200f27279d23c74ff399a235a5628efd667a234,2025-02-10,MKXduEcYkW2yNhZ2aCNMPU2dWMZRxfXVa7,15.41449006,107.20,1652.43
LTC,83e6078af0864be754c957c9ee11421be19f367444c5de328067764549d6b73d,2025-02-05,MCoU863747eKRwhma8hUucyEgV3nWRGiP4,23.06040922,101.08,2330.95
LTC,47b39edaf331ba4d9182e1cd0105d2fa745799f6de976de08c04189aa2e9a053,2025-01-29,MH2vyHSbuLoPy96euzYyMB69p2QMEPzrdt,20.98051730,109.92,2306.18
LTC,066c94eb5fa73a261f10bdec91ac68f0fe97631d61a565eb3f4b51e26b2a53d5,2025-01-17,LYaQTr1QDSXnmDdi38A13WXWDiyuWw9h7G,10.00000000,124.44,1244.40
LTC,066c94eb5fa73a261f10bdec91ac68f0fe97631d61a565eb3f4b51e26b2a53d5,2025-01-17,ltc1qyj748l86t7m3x2k3lxva77kv5z77yajgmv8pjs,11.53030505,124.44,1434.83
LTC,5653d747d2b7facdb0085461ee88cc46c2549d44de72122d522e38344898c22f,2024-12-16,LYaQTr1QDSXnmDdi38A13WXWDiyuWw9h7G,9.00000000,121.13,1090.17
LTC,5653d747d2b7facdb0085461ee88cc46c2549d44de72122d522e38344898c22f,2024-12-16,ltc1qd2wlfx4gnuwwdngt2vjty4w260ymwed8cfr8h4,13.49821042,121.13,1635.04
LTC,120abc59e77b0421ba93767bed23007a393510615506c83875f44c520357e88e,2024-12-15,LYaQTr1QDSXnmDdi38A13WXWDiyuWw9h7G,9.00000000,118.23,1064.07
LTC,120abc59e77b0421ba93767bed23007a393510615506c83875f44c520357e88e,2024-12-15,ltc1q68flnet40etnx8xuctsmda2rzevvt6ffmdvfrm,9.13529169,118.23,1080.07
LTC,02c9e51f36e7c732abdf2b7afd8e148ff0242975ab6ba52d5650a230eda386f4,2024-12-13,ltc1qhauqnw8hxz5l2jd59wt8j5shjt8t26k8qe0jta,24.19356088,119.23,2884.60
LTC,6ea7010ee15501eb1ee02474fbbf0063de0ce4911c84e1cc46b74bc2f3d8a983,2024-10-17,LYaQTr1QDSXnmDdi38A13WXWDiyuWw9h7G,30.78708449,70.08,2157.56
LTC,a9222dbc37a08fe0e42fe3a1e5236db55795f921cbdc0d45f9f8104cddc9c82a,2025-02-26,LgZGiNoBd1tLwoNg2VjfU7vjFHqHdS6jis,8.00000000,114.55,916.40
LTC,a9222dbc37a08fe0e42fe3a1e5236db55795f921cbdc0d45f9f8104cddc9c82a,2025-02-26,ltc1q9nfvcv5kf65rh6m006635fzcypycv80j974j8v,17.20851272,114.55,1971.24
LTC,442631e816f541651f37323608dde3df36825c801f92ff1e2edfdf553f48895d,2025-03-14,LgZGiNoBd1tLwoNg2VjfU7vjFHqHdS6jis,10.00000000,88.09,880.90
LTC,442631e816f541651f37323608dde3df36825c801f92ff1e2edfdf553f48895d,2025-03-14,ltc1qfac35tmeackwsu2vqxf4r3f7d9stjy3xnfwhh8,30.48049742,88.09,2685.03
LTC,7a0292c09b0f6135828b76cd4be38692abd104f50ac6c609441bd044e472a708,2025-02-25,MLTMMYeac8vQmpmoPkHABozZVg2g5R4V3u,17.21625557,114.78,1976.08
LTC,9162d39287ac12432f4f5992179e93af6f5f6d00916a010b95e575416845a0ac,2025-02-21,LgZGiNoBd1tLwoNg2VjfU7vjFHqHdS6jis,7.02069195,130.82,918.45
LTC,9162d39287ac12432f4f5992179e93af6f5f6d00916a010b95e575416845a0ac,2025-02-21,M8TNDSo6k3f7ftTQ9GdVvgPgCiYtqrVPVu,12.00000000,130.82,1569.84
LTC,30189e55e7cba3506c8942f7bb0198c4dc521414606c1a75f423e49ac0e872d6,2025-02-16,LeVXYdaeaX7Gtm8AXe87wc5U2uqiMQM4Cq,9.36084419,133.86,1253.04
LTC,80205406c5cde2235cc781cf5f0ffa393d61bf03d3b84198213d757e61105772,2025-04-29,LgZGiNoBd1tLwoNg2VjfU7vjFHqHdS6jis,12.09474115,85.67,1036.16
LTC,ed5dff4811d976319f7f956d2396a6a3673de77d862d02a8362fa3c26f9806fb,2025-05-02,LeVXYdaeaX7Gtm8AXe87wc5U2uqiMQM4Cq,11.39081899,88.85,1012.07
LTC,ed5dff4811d976319f7f956d2396a6a3673de77d862d02a8362fa3c26f9806fb,2025-05-02,ltc1q66ehlgpfm8jgc76ew4ar377l9j75xze7l7u8cu,29.79069906,88.85,2646.90
LTC,0440665f0857ca44141820fec45dd84ec02c81ea12a92e1c1d528eeae2d444bf,2025-01-28,LgZGiNoBd1tLwoNg2VjfU7vjFHqHdS6jis,10.00000000,115.05,1150.50
LTC,0440665f0857ca44141820fec45dd84ec02c81ea12a92e1c1d528eeae2d444bf,2025-01-28,ltc1q4n2xz87lzta3m3jkmzs4qr9xhsc63tz8q4gm76,24.25760525,115.05,2790.84
LTC,318ce1ff5d47acefd391d787392afa7041ea0688814ff873e59eed3b2c8c3822,2025-01-15,ltc1qsvj2hfenhhkfshagny2az4xxkf426ylytw7jjf,32.81122149,102.45,3361.51
LTC,68db811d4fe23c509108a0c3e9cb1af017106b15684fbaeae7ecfbc9a2433f7e,2025-04-13,LgZGiNoBd1tLwoNg2VjfU7vjFHqHdS6jis,13.45385538,78.63,1057.88
LTC,68db811d4fe23c509108a0c3e9cb1af017106b15684fbaeae7ecfbc9a2433f7e,2025-04-13,MFiMtEFuiN4w28cxeZKGoRisz1SjrxdJvL,22.00000000,78.63,1729.86
LTC,11da4ad5f1ae6ee9eeff7049f8f51571443dbe6611c4d13e540c10db9e9a3c27,2025-03-17,LgZGiNoBd1tLwoNg2VjfU7vjFHqHdS6jis,16.91301290,90.22,1525.89
LTC,11da4ad5f1ae6ee9eeff7049f8f51571443dbe6611c4d13e540c10db9e9a3c27,2025-03-17,MQazTXWzBVuajJTiP8gVx4F2opMMxams9w,20.00000000,90.22,1804.40
LTC,0d3f939e32e63cc5887f47dc4bf11c5a9e27e67875f2ac36d802fffaf13ccd1e,2025-03-15,ltc1qec6990lkc9e3z0rt8r5yza63y37q2ptwvxxkz4,21.62838121,91.32,1975.10
LTC,b76cf0728f0224b15e78fb35cf9db4f06c28341b8c47442982dd739fec1f985e,2025-02-07,LgZGiNoBd1tLwoNg2VjfU7vjFHqHdS6jis,17.47908898,101.66,1776.92
LTC,98d30b22578b64103da880bb1b5b165e4c929d799f99f9105423de02fe150203,2024-11-02,ltc1qrluwymhspj7rensfs9tl22j6xj53pcw2pvh43j,33.00922605,70.27,2319.56
LTC,a7796bbbadc5440e3df70f3cf3a55c3023300827f498a05ed0e5323349c2756a,2025-04-02,LeVXYdaeaX7Gtm8AXe87wc5U2uqiMQM4Cq,21.04650861,84.48,1778.01
LTC,4b6e8c8a7899e2f345d5eeb4ee5c0e144c9f69ee94eeb25c42320e08f4094fec,2025-04-21,MFiPwoip6rjokVhm14K3zBcwA1g23HyVrH,25.00000000,77.80,1945.00
LTC,4b6e8c8a7899e2f345d5eeb4ee5c0e144c9f69ee94eeb25c42320e08f4094fec,2025-04-21,ltc1q5d092a0tjn8tcawlcnqqyljm75g7pu4q9nel7x,27.86430024,77.80,2167.84
LTC,4f896eda2f1403bbfff5e6cb747d63d563c240ac3607fb42f20c7f0eeee3dc00,2025-04-05,LeVXYdaeaX7Gtm8AXe87wc5U2uqiMQM4Cq,9.10755178,84.41,768.77
LTC,4f896eda2f1403bbfff5e6cb747d63d563c240ac3607fb42f20c7f0eeee3dc00,2025-04-05,ML7eyAAMBujpBJcL7b2ata9V7TZbuwuse6,20.00000000,84.41,1688.20
LTC,ac6852ba142d442798fe1fc287618e4a05f44f960280e2713e0229541ae04350,2025-04-28,LeVXYdaeaX7Gtm8AXe87wc5U2uqiMQM4Cq,10.67059563,85.38,911.06
LTC,ac6852ba142d442798fe1fc287618e4a05f44f960280e2713e0229541ae04350,2025-04-28,M9Nuq5hTeeNC1BikBTGVABPftKqnNSrqcs,20.00000000,85.38,1707.60
LTC,4bb07d02a0b47eb9dd45507a505fb097a6b3600cf58546d6e6c2a294e2471cdd,2024-12-10,ltc1q3ca8vdlttysmhrfcupjw7h4mp30462qumaq94n,32.05999727,110.43,3540.39
LTC,8ef1da045a858e3f98dc727d5f6b0d983d4190a0f3caa4258e6351d6e2e3d380,2025-03-14,ltc1qp8pdjvttuzfjse8v8hhrj352a5wnuqw3w34tgu,10.01078305,88.09,881.85
LTC,de880aee6592ecd16218fd2bc272e84ef55898c0fc6140f1df8f315f99384076,2025-01-30,LgZGiNoBd1tLwoNg2VjfU7vjFHqHdS6jis,14.57246457,115.90,1688.95
LTC,8d88ea55646814e2e5e09580485bb44e0b68f63e02a38fae8b0375d8114c7887,2025-04-03,MFrJEB4UBAQrCTgGAzkYSbxswNdF1RHHzj,20.00000000,81.53,1630.60
LTC,8d88ea55646814e2e5e09580485bb44e0b68f63e02a38fae8b0375d8114c7887,2025-04-03,ltc1qvrlw7hwu56juek7pctuw0ln4eugsww05rptgna,21.52548971,81.53,1754.97
LTC,29be5bd63a2e4e2818be29612a9df057a0a7e4196233448b86861d2c79560b63,2025-01-25,LgZGiNoBd1tLwoNg2VjfU7vjFHqHdS6jis,10.00000000,118.71,1187.10
LTC,29be5bd63a2e4e2818be29612a9df057a0a7e4196233448b86861d2c79560b63,2025-01-25,MK4az65JWMkQrnq53QZ7QfRXEpiao4crNW,18.13997583,118.71,2153.40
LTC,7f20f49f812885fff68a0d4f8e265179c43495fee25ab8c94a795d0d04df72e8,2026-09-06,ltc1q7q93feq06eyl3cgd6vq6e6m5j50jh4eaq5vuju,1.11004671,54.70,60.72
LTC,be32b2827d3893f3b7097d59e231987b884fe6c343ecc0fd34543a774dde6a57,2025-05-04,MQDNYpp4dNwSGis9AiKRBZhALy2AaPjaf9,19.28891412,86.55,1669.46
LTC,f53094fa9cd5522cb963f891e34ddbc35232e967901f4363d87ec5e5b86cd6a7,2025-05-03,LgZGiNoBd1tLwoNg2VjfU7vjFHqHdS6jis,5.81883803,87.96,511.82
LTC,f53094fa9cd5522cb963f891e34ddbc35232e967901f4363d87ec5e5b86cd6a7,2025-05-03,MGXzzYohDPRxpVr9RsUfhUtRzhzv2T4FGC,18.50000000,87.96,1627.26
LTC,0d5d1b3acce5e0b5334613caea69d7348c2ee4e06b1b47b1af470a078010e5a2,2025-02-05,LgZGiNoBd1tLwoNg2VjfU7vjFHqHdS6jis,10.79054574,101.08,1090.71
LTC,c2f078a658eb04076e7c1eeb06b340b342304e6cc7a8fee502f2eb60a44a6ea0,2025-01-08,ltc1q335gvlrtxvhk2etwhpyn67lnks3racz83fuudc,30.61808653,102.71,3144.78
LTC,9a8d26449101c1e15389d94cf20bec39797322fcbe933138dd460fa651b8f2cd,2025-03-27,LgZGiNoBd1tLwoNg2VjfU7vjFHqHdS6jis,12.98279779,92.42,1199.87
LTC,9a8d26449101c1e15389d94cf20bec39797322fcbe933138dd460fa651b8f2cd,2025-03-27,ltc1qfc5d9uk4jv3uhlss4dsh5ydanvvwlmxw9qvks0,14.41785753,92.42,1332.50
LTC,084d29b3eb76a1c521860dae9df4220eed8e59d2486e7a444e8e0ceb58b009f6,2025-03-22,LeVXYdaeaX7Gtm8AXe87wc5U2uqiMQM4Cq,15.97439178,90.83,1450.95
LTC,b5a7477220f41f4816f8d5e9eac03a80a44cf2d199717c639fa39409e7785cea,2025-05-05,LeVXYdaeaX7Gtm8AXe87wc5U2uqiMQM4Cq,12.80178611,85.05,1088.79
LTC,3632fd86847d86fbf4d207375c652f923f0845e7ce78fabd9f1a18bfe3b5aaf5,2025-03-23,LgZGiNoBd1tLwoNg2VjfU7vjFHqHdS6jis,11.73946161,91.37,1072.63
LTC,3632fd86847d86fbf4d207375c652f923f0845e7ce78fabd9f1a18bfe3b5aaf5,2025-03-23,M8wBB6KZBxJZ4K1SCtpmD686t971YEHDcp,20.00000000,91.37,1827.40
LTC,61365769610aa4f2133a646c778df9b9e94567d1b9af807795e9514fadf36501,2025-02-26,ltc1qrum4aq2fra76mktuw447p5e3dks5yurc39rv72,7.31903665,114.55,838.40
LTC,fd049bd30e6329ef5102b67f15335ad31c89aca9393d6c9d8306f9a9375be591,2025-04-25,ltc1qejem5jdw775x296kcsgxjx7lahvxe9gnt4mde3,7.90670029,84.30,666.53
LTC,fd049bd30e6329ef5102b67f15335ad31c89aca9393d6c9d8306f9a9375be591,2025-04-25,LgZGiNoBd1tLwoNg2VjfU7vjFHqHdS6jis,10.00000000,84.30,843.00
LTC,26fa64066025dc1f6ccd5cd144dfd2e9063c7b910fa1bec7d8481c8cfbb38368,2025-02-16,LeVXYdaeaX7Gtm8AXe87wc5U2uqiMQM4Cq,12.19430261,133.86,1632.33
LTC,c841007423e6388dbca0042199fc19d7d1b39722915e4b3e16a018841feb3ef2,2025-05-13,ltc1q4a04qrl863jr568qanj3yuzhmv2y7vatxt6czx,2.96395073,103.84,307.78
LTC,e48a7f11b311cb136d88971c5a44a0f4fa4e408325840ba1d67287cf233d7e41,2025-03-25,LgZGiNoBd1tLwoNg2VjfU7vjFHqHdS6jis,8.00000000,93.77,750.16
LTC,e48a7f11b311cb136d88971c5a44a0f4fa4e408325840ba1d67287cf233d7e41,2025-03-25,MTdGRDmDvd8fhdDwdruhc5tva93VYPLhuL,19.05635506,93.77,1786.91
LTC,5c95dc6ea107dc18945bbde1a135e5877cba76a27216ae8b7dd3752a6315dfdd,2025-05-13,ltc1q4a04qrl863jr568qanj3yuzhmv2y7vatxt6czx,0.89518174,103.84,92.96
LTC,bfe55f53122ca459a33f6d26911eced1e1b054764d233f7411a924d3ac410ab8,2025-04-04,LgZGiNoBd1tLwoNg2VjfU7vjFHqHdS6jis,13.90561071,83.45,1160.42
LTC,b3c83e687d32c578d6882a7db2764a87380cf29fdc6c0b71bff8a904f868a478,2024-11-14,LeSVbA96uaS5GirNSoFz9bcR6ubV19AuJD,1.55532734,75.40,117.27
LTC,db9d94b03eb79ff7658621eebfdbf1eaf1a643f1900f0208790721e7bb65be01,2025-01-05,LhdLhdkAdpE4R7a3YueaEjmNyvCcMTYH1Y,0.49894240,111.22,55.49
LTC,84f44f073797f8246378e90cc35e88ac069f31483435b429f6669959b89b9de9,2025-01-14,ltc1qsndf04qnxdun4ckxzq35xkeg3hhywlpplkqskm,1.02972230,98.38,101.30
LTC,e8eac34de37ae122583314bfa2083765581493f028df9ce4844df571ab5d897b,2025-02-23,ltc1qhdwfh2qsv4plge63lus33vjz3vry7elq7yp7ha,0.09936222,125.91,12.51
