currency,amount,amount_btc,input_address,transaction_hash,created_at
BTC,"1016.00","0.02358122",1AoHrv3z67JfWbUGeALoYd3byafuQVcmRs,1633865a72349ba044d2c4e7d6a984439710c1277a727ba32ba5a0234cddc023,2022-04-03 23:29:30
BTC,"460.00","0.01232340",1AoHrv3z67JfWbUGeALoYd3byafuQVcmRs,"063e31b0032f7a1484c4b49e2e371744c4a6e4404008bdeb78d6ade489e11b56",2022-04-12 13:28:22
BTC,"470.00","0.01244146",1AoHrv3z67JfWbUGeALoYd3byafuQVcmRs,"0b1540cd00fe1344690fa84d93803fc4dad972027eb9b00353b6733cc51fcbe5",2022-04-16 19:33:06
BTC,"570.00","0.01490952",1AoHrv3z67JfWbUGeALoYd3byafuQVcmRs,386901a1dfc02510b45f41cf925f3ad0a4bc7a2a9635dc9c43f59e44b5cffb3f,2022-04-18 18:19:18
BTC,"567.00","0.01464441",1AoHrv3z67JfWbUGeALoYd3byafuQVcmRs,68d54e66854c9f5119dac6ccbeb5c6a760b520c8d22aa52303332bddc8fa28ac,2022-04-20 20:59:02
BTC,"987.00","0.02596729",1AoHrv3z67JfWbUGeALoYd3byafuQVcmRs,d5704b7453153ba6dfae840496a03316617e7a8ddb9cac7c3ba3019606806e4c,2022-04-22 13:52:11
BTC,"990.00","0.02744000",1AoHrv3z67JfWbUGeALoYd3byafuQVcmRs,2ade7bd449bbba12057611357900da504841096f7da59694cf54b2ef1dde3a4c,2022-04-26 22:03:16
BTC,"982.00","0.02700000",1AoHrv3z67JfWbUGeALoYd3byafuQVcmRs,67ebf5cda15b599c29bfd688975fd93006e71848498bd7b99b461330aa27449a,2022-04-30 07:01:23
BTC,"989.00","0.02710000",1AoHrv3z67JfWbUGeALoYd3byafuQVcmRs,75f8f336fb69041a64d5ec929274389c962fdf05261f204751c225307d7f5bac,2022-05-02 15:25:35
BTC,"986.00","0.02926466",1AoHrv3z67JfWbUGeALoYd3byafuQVcmRs,2fb638307505afbda417bcd62c665fc2441c21586317f5183073d7618ac777ec,2022-05-07 07:54:44
BTC,"989.00","0.03067895",1AoHrv3z67JfWbUGeALoYd3byafuQVcmRs,a3c7832dafd6d6c049b7d59fffdbb0d26f99dda2b1ceb9836e8eecf9347ba644,2022-05-08 23:25:11
BTC,"939.00","0.03504377",1AoHrv3z67JfWbUGeALoYd3byafuQVcmRs,83085de134605464c71e6d784fe8e54ba75757a685ef847d38f6e0057af1156e,2022-05-11 21:35:09
BTC,"989.00","0.03652633",1AoHrv3z67JfWbUGeALoYd3byafuQVcmRs,8385ed659cd75b7772c6178364f0a3f9b4747ceabaf3151757b20c24f58125e0,2022-05-14 16:50:20
BTC,"1000.00","0.03491134",1AoHrv3z67JfWbUGeALoYd3byafuQVcmRs,e1d98b880d540627c05c33bdc7929075e3841534e968d960aaa9804650339a59,2022-05-17 17:05:07
BTC,"986.00","0.03559710",1AoHrv3z67JfWbUGeALoYd3byafuQVcmRs,fe0adbd816d79ab74c835c80ac089908350af21a751d7e38066063a42117df3b,2022-05-21 20:40:31
BTC,"996.00","0.03523546",1AoHrv3z67JfWbUGeALoYd3byafuQVcmRs,a965f09b2c29fb502fdfa55da7d5c1be273d32eeb13434aa2fda87cf74938fef,2022-05-25 21:55:44
BTC,"999.00","0.03642509",1AoHrv3z67JfWbUGeALoYd3byafuQVcmRs,541bbc7942f310471b0d859bb134a6fd56ea089629b6dcd6d1264e2d1a94f612,2022-05-28 10:17:13
BTC,"965.00","0.03367705",1AoHrv3z67JfWbUGeALoYd3byafuQVcmRs,b9fdc2d1f5059b00290ed242c836218e6a84325110851199e3bc8c05b9026ee7,2022-06-01 19:17:58
BTC,"997.00","0.03530047",1AoHrv3z67JfWbUGeALoYd3byafuQVcmRs,43aa28ea2180ba12957b4b240a2236fea60d73f6f43252f71501ab9d8f67713e,2022-06-04 00:40:21
BTC,"1031.00","0.03664787",1AoHrv3z67JfWbUGeALoYd3byafuQVcmRs,11f4d657910f3a1a854fb9e8494ce618a05e75e04b8371a2b74b9897bcc6c296,2022-06-05 18:57:41
BTC,"1022.00","0.03503059",1AoHrv3z67JfWbUGeALoYd3byafuQVcmRs,5251300c4b5c38b47ab4c7c305dfd171da29385a4974e7b4e13ceb1d4a906507,2022-06-07 21:00:05
BTC,"1038.00","0.03927225",1AoHrv3z67JfWbUGeALoYd3byafuQVcmRs,f045998509d8f922bbe808b6098b67dced4933e5996b1ce9589ad04415eec9a9,2022-06-12 18:28:58
BTC,"1032.00","0.05374225",1AoHrv3z67JfWbUGeALoYd3byafuQVcmRs,fad28928812e271c53c86de45419d45588102ac9cfebcd05125e5579e2c0e98d,2022-06-18 04:48:08
BTC,"1120.00","0.05579014",1AoHrv3z67JfWbUGeALoYd3byafuQVcmRs,dccf3f7d2b3be789149ea91ec9c1e2fbd90395547becc1f781be1cebebf1e8ce,2022-06-23 11:49:04
BTC,"1104.00","0.05413729",1AoHrv3z67JfWbUGeALoYd3byafuQVcmRs,fa85cd6b0adb7128c6f3baffd0e369130c1390e5c17fc296e52fd8344db1077e,2022-06-25 22:31:31
BTC,"672.00","0.03417578",1AoHrv3z67JfWbUGeALoYd3byafuQVcmRs,ad584d7527d71be25102a98903f64378b26476e8918ef4da11e3da7166fbb123,2022-06-28 17:30:31
BTC,"1016.00","0.05337462",1AoHrv3z67JfWbUGeALoYd3byafuQVcmRs,6e457ef171f438ef46e893bfc793c7b7b5ee065c3e79315d40e18489ed3dcd21,2022-06-30 02:44:35
BTC,"1044.00","0.05707092",1AoHrv3z67JfWbUGeALoYd3byafuQVcmRs,"060278c947241346c8134bb252c7e6518512d3c6d244ff44cfad84836b426fbd",2022-07-03 03:40:43
BTC,"1044.00","0.05096200",1AoHrv3z67JfWbUGeALoYd3byafuQVcmRs,ce7e277bfa23459545ef65e68be0f4f73b20d82ad79e6714a22905843873334b,2022-07-09 03:08:48
BTC,"1034.00","0.05634667",1AoHrv3z67JfWbUGeALoYd3byafuQVcmRs,f54c969281c512ee674a6139926a4c8ab09b71fb4fe43be44bafd241026b3df7,2022-07-13 07:39:52
BTC,"1064.00","0.05197666",1AoHrv3z67JfWbUGeALoYd3byafuQVcmRs,a934cd5db42de32e708e88446365ec3524d8871eb7b51f78f3abefa73bd3dc0d,2022-07-17 07:45:01
BTC,"1022.00","0.04713034",1AoHrv3z67JfWbUGeALoYd3byafuQVcmRs,"018e9910b619f5d555fe2dbb7fef1038db99a9f51318fb4f83bc5e57cae435e1",2022-07-21 07:15:26
BTC,"1045.00","0.04832202",1AoHrv3z67JfWbUGeALoYd3byafuQVcmRs,e66c469684a56ea79cfff9824dfe8ae01648e481ddb0f891104f2897156e1021,2022-07-24 18:50:11
BTC,"1044.00","0.04618490",1AoHrv3z67JfWbUGeALoYd3byafuQVcmRs,fa1dbb5aff51893c236c5254a1223c09c47218d2b670e85a6948783e87a8f6ad,2022-07-28 19:45:49
BTC,"1038.00","0.04745944",1AoHrv3z67JfWbUGeALoYd3byafuQVcmRs,30af481584005aa5bb03b44d36e80ff48a7c42a3a3c731b8f92baf40300e6f1d,2022-08-02 21:29:53
BTC,"1042.00","0.04730069",1AoHrv3z67JfWbUGeALoYd3byafuQVcmRs,be2ed7a6c65b3ca566bed362e54341ed6f56de3b80cd862a95cd192c5c361a4c,2022-08-06 13:35:57
BTC,"1139.00","0.05038266",1AoHrv3z67JfWbUGeALoYd3byafuQVcmRs,7ac66832974fc494411682d86257ddc60281e7c7ed8363a3bd82d23b9a97eabb,2022-08-09 09:51:30
BTC,"1044.00","0.04547691",1AoHrv3z67JfWbUGeALoYd3byafuQVcmRs,9221381a2ee4dafa7153a536cf4150131366e507ccd26c24a15dac4ba360d96f,2022-08-11 19:24:47
BTC,"1044.00","0.04552536",1AoHrv3z67JfWbUGeALoYd3byafuQVcmRs,eea2e0ae09d3553ebf4726c7a68bfb19811ca0637763894f0c09fb3d4cb51def,2022-08-15 14:24:14
BTC,"1045.00","0.04693665",1AoHrv3z67JfWbUGeALoYd3byafuQVcmRs,9df6e3aa7814f5d00504b8cc03741eb96c64bf74255fa6a625c58c227f5a48c6,2022-08-17 17:41:34
BTC,"1044.00","0.04817318",1AoHrv3z67JfWbUGeALoYd3byafuQVcmRs,"0a738a8ac703ff59d7c34cea46abbec78558df6eaa1e57f0ea250e770cfe3677",2022-08-19 05:39:11
BTC,"1045.00","0.05184139",1AoHrv3z67JfWbUGeALoYd3byafuQVcmRs,"0812d0f2a2e2fa3382c80ae40f47818d0bc9a2d35a3e00b0f392da402a6acfab",2022-08-21 06:43:04
BTC,"1044.00","0.05183174",1AoHrv3z67JfWbUGeALoYd3byafuQVcmRs,70e2402d1e89b05a08b1cdec632460f480b5ef426ed45ffce2af13509c5b835c,2022-08-22 23:55:48
BTC,"1044.00","0.05126968",1AoHrv3z67JfWbUGeALoYd3byafuQVcmRs,43d07d0db466b35bfbac634f22163559c7904f7cb631349fa0a548cecdfbfac8,2022-08-23 18:29:16
BTC,"1043.00","0.05075987",1AoHrv3z67JfWbUGeALoYd3byafuQVcmRs,7712d509dc043785be03e4d34abe2504b3db524e930967360446bc1010785a37,2022-08-24 18:09:07
BTC,"1043.00","0.05065308",1AoHrv3z67JfWbUGeALoYd3byafuQVcmRs,d76cecfcf53dbdec6b9cb82341727d2dabd26adbde43811b3e21c84006ef799b,2022-08-25 14:37:15
BTC,"1046.00","0.05447767",1AoHrv3z67JfWbUGeALoYd3byafuQVcmRs,5ede86514da02208599bfec636d364c4beb5f19fbb35bbf3db43c145d19aa8b8,2022-08-27 14:54:52
BTC,"1051.00","0.05448230",1AoHrv3z67JfWbUGeALoYd3byafuQVcmRs,8ec3a4b3ed84843aca9f0ddf06c79e64b00c3c9dad4216431d87d28022d7614d,2022-08-30 00:22:03
BTC,"1045.00","0.05439902",1AoHrv3z67JfWbUGeALoYd3byafuQVcmRs,9fc8442c7f05c4bd51d5e91dcc5e5e5c569a3ac9ac9d1d673d3748944200712e,2022-08-31 10:53:37
BTC,"1041.00","0.05454730",1AoHrv3z67JfWbUGeALoYd3byafuQVcmRs,86c5db475ee4f5e64f6d5baf797843cfceff38dacdcfb54fc30fab4acbc98304,2022-09-02 07:14:14
BTC,"1041.00","0.05546696",1AoHrv3z67JfWbUGeALoYd3byafuQVcmRs,678a7c9fadb69bdd0e9ce3f14c43ee4e1bbf0eede106878d95a824811a2ce36b,2022-09-03 21:19:29
BTC,"1043.00","0.05560784",1AoHrv3z67JfWbUGeALoYd3byafuQVcmRs,178fc2e29d517d267dba9790d6877ed90f2f5a6944f530f26ba14f72bfe38eac,2022-09-05 14:58:43
BTC,"1044.00","0.05554926",1AoHrv3z67JfWbUGeALoYd3byafuQVcmRs,22556d4bf3c0877f3cfa6128ed5a50175bad0895010ef26564eea2345f15921f,2022-09-06 17:54:31
BTC,"1043.00","0.05688381",1AoHrv3z67JfWbUGeALoYd3byafuQVcmRs,5d73eb82533446749abb719c94fddf2efe18c692c6ffe1a8c16a50f9842bd50c,2022-09-08 11:34:31
BTC,"1044.00","0.05167568",1AoHrv3z67JfWbUGeALoYd3byafuQVcmRs,f385ad929c660e3fd77a5fc74ba787e3a217d7c16c96af7826de104652971dc2,2022-09-09 20:02:11
BTC,"1046.00","0.04910421",1AoHrv3z67JfWbUGeALoYd3byafuQVcmRs,f4f8a9143c19e38348829c13d2aaf12edde7c5670d93a0732758d85febad5973,2022-09-12 20:27:55
BTC,"1024.00","0.05466565",1AoHrv3z67JfWbUGeALoYd3byafuQVcmRs,fa008ba51bf09a35a742dde4b5caaca446ec9ed40a32bdd4a91e51e327f19da2,2022-09-15 15:20:59
BTC,"1048.00","0.05514378",1AoHrv3z67JfWbUGeALoYd3byafuQVcmRs,3235863b19fbbb0f4f8bfdb14ea99395bd14c55c32129d050ef509840e653b4b,2022-09-18 01:32:55
BTC,"1048.00","0.05742216",1AoHrv3z67JfWbUGeALoYd3byafuQVcmRs,94506e817f7f00b361abfb07f5fee81db066d41bac04dd06f9ff36d328d7a886,2022-09-19 17:36:43
BTC,"1038.00","0.05764307",1AoHrv3z67JfWbUGeALoYd3byafuQVcmRs,519f0f77e1cb9ac02338825bb05f233878364a0acaad19a5bf874447a4998139,2022-09-20 23:58:06
BTC,"1047.00","0.05798697",1AoHrv3z67JfWbUGeALoYd3byafuQVcmRs,48da0eac6a4db2e4b161b2f852160689707abc67ee2db67c47549c645ed96ca9,2022-09-22 14:33:54
BTC,"1043.00","0.05745061",1AoHrv3z67JfWbUGeALoYd3byafuQVcmRs,bce416c22cb7ab7d7931a63db080bc19970be590e7fea8c149d6b4633822a9c7,2022-09-24 04:38:01
BTC,"1049.00","0.05810016",1AoHrv3z67JfWbUGeALoYd3byafuQVcmRs,3ff4cdaf9b9ed5020e55ea150764b5cee9764d476d18631ea0be77fee48ae34d,2022-09-25 16:18:49
BTC,"1049.00","0.05558937",1AoHrv3z67JfWbUGeALoYd3byafuQVcmRs,7fc64838a586f5c201d65223622f15226f1e70de054ffa20a5ec0cf04814c202,2022-09-27 03:30:33
BTC,"1046.00","0.05661393",1AoHrv3z67JfWbUGeALoYd3byafuQVcmRs,ce7df8d821a08bbf7eb33be1211d31250652a0c6ef34f76518e4a684a5bd3aeb,2022-09-29 03:25:50
BTC,"1041.00","0.05616457",1AoHrv3z67JfWbUGeALoYd3byafuQVcmRs,aa283a2c660775bfc6c9067fab78dfb4d84b421994fbe5185388246d75d04559,2022-09-30 10:08:56
BTC,"1042.00","0.05695664",1AoHrv3z67JfWbUGeALoYd3byafuQVcmRs,ac0b7f4482a1a89aa21f647db835d843666da51ebc15851b3e10f6f6b35b52c6,2022-10-02 21:33:21
BTC,"1056.00","0.05610204",1AoHrv3z67JfWbUGeALoYd3byafuQVcmRs,a4fe5c8a40109cc334f390226470695dc08671c13aea01baf909e06fcdfc18c0,2022-10-04 07:08:44
BTC,"1053.00","0.05548474",1AoHrv3z67JfWbUGeALoYd3byafuQVcmRs,4f6ae0f79a722a39325e1ee36de1c80c8c26574d06dd6717141a3004620c85a8,2022-10-05 16:32:35
BTC,"1032.00","0.05524648",1AoHrv3z67JfWbUGeALoYd3byafuQVcmRs,2867ca60974595804d247f77e2f0d645c3d077fb6edcba6e250c3c7216589d37,2022-10-07 15:59:52
BTC,"1046.00","0.05636415",1AoHrv3z67JfWbUGeALoYd3byafuQVcmRs,c4d9a1e6e3f6181cca76e9bd78f4331a5aa5fa9442277d3c2733ad0d10c2b001,2022-10-09 16:53:39
BTC,"1047.00","0.05747767",1AoHrv3z67JfWbUGeALoYd3byafuQVcmRs,5bb5d0b65c915b159a27370b3ee247c1997b0d709c9017a05076314dccd6a676,2022-10-11 17:11:40
BTC,"1043.00","0.05759594",1AoHrv3z67JfWbUGeALoYd3byafuQVcmRs,3e854445ec135df8d1c7a1fd3d432e5c62e899ba59f174720eea87dcd0291a03,2022-10-13 07:26:11
BTC,"1026.00","0.05552457",1AoHrv3z67JfWbUGeALoYd3byafuQVcmRs,ffc9fb0758507b481a45f9f2fe48f70f8f208b8f9a6fd5f58dffc75254dca67b,2022-10-14 15:05:28
BTC,"1045.00","0.05747760",1AoHrv3z67JfWbUGeALoYd3byafuQVcmRs,92f4f2fc3a1e51a3f235581cce61927fd4fbad7035b5e231c2145d03e4869ccb,2022-10-16 13:15:10
BTC,"1045.00","0.05636465",1AoHrv3z67JfWbUGeALoYd3byafuQVcmRs,4be8635982111c4ed9d99127bf3a416185ebe4bec0b41c84e95bd49ba7436d36,2022-10-17 17:25:08
BTC,"1026.00","0.05604173",1AoHrv3z67JfWbUGeALoYd3byafuQVcmRs,cd96a8d066c1f249ec4cbc24e583ed42d16cbe480266366632a2d2e5f73b2c2b,2022-10-19 01:40:15
BTC,"1046.00","0.05776200",1AoHrv3z67JfWbUGeALoYd3byafuQVcmRs,fb8447bdcda8bcb934b0f48b8b3d63890e1fade38183f985b0822cdf8ef298bd,2022-10-21 01:12:44
BTC,"1046.00","0.05746304",1AoHrv3z67JfWbUGeALoYd3byafuQVcmRs,"070961a5418297f7e526342ffc0e62f0441bbd6050be26c99ff93d380e08d120",2022-10-22 09:13:12
BTC,"1045.00","0.05691080",1AoHrv3z67JfWbUGeALoYd3byafuQVcmRs,"04e59bd710a5e6264b904dd5524f439201457d353f08c762b397d63dfc53ae95",2022-10-24 06:03:15
BTC,"1036.00","0.05703703",1AoHrv3z67JfWbUGeALoYd3byafuQVcmRs,29f5e1bf5ce4308cc5b0f3eca5553f8a301f8f5fd979b90d50b0777fbb76b550,2022-10-25 13:22:08
BTC,"1043.00","0.05309216",1AoHrv3z67JfWbUGeALoYd3byafuQVcmRs,ffec71fb00856a529f3450e10915e63575630680be00220663340fbcf11ad0f2,2022-10-27 13:15:42
BTC,"1043.00","0.05314635",1AoHrv3z67JfWbUGeALoYd3byafuQVcmRs,3d39aa5edb52803f647e03537f80ed4de0decb7bc6a73f718cbe709bca46958a,2022-10-30 14:36:34
BTC,"1046.00","0.05372255",1AoHrv3z67JfWbUGeALoYd3byafuQVcmRs,38bbae55c94b91a531a494e625d9201a78529f102a6b275db44fe40b9851b4a0,2022-11-01 00:08:34
BTC,"1040.00","0.05367326",1AoHrv3z67JfWbUGeALoYd3byafuQVcmRs,173b63d3ee43b081749f365e535957a7aef480e817c6dc40efd730ba5d4effaf,2022-11-02 14:39:08
BTC,"1042.00","0.05269347",1AoHrv3z67JfWbUGeALoYd3byafuQVcmRs,e8b57e86d2d7ef876646a92fe470a80518461d39e428256fc9c3b796a0f63205,2022-11-04 18:53:55
BTC,"1033.00","0.05296319",1AoHrv3z67JfWbUGeALoYd3byafuQVcmRs,d8703b715cb6ea1b5122dfdad21b617823824baeed664bc9fc7f345fef8b98de,2022-11-08 01:55:26
BTC,"1073.00","0.06765665",1AoHrv3z67JfWbUGeALoYd3byafuQVcmRs,e2a633f18931341da7b42ba7c17ebee863fe6cca492f6c806756f6bf89774937,2022-11-09 19:35:15
BTC,"1048.00","0.06531235",1AoHrv3z67JfWbUGeALoYd3byafuQVcmRs,90dc0863f135ac68c5a227884ab483b629d874d2765dc9af23d2d96ef70d5f18,2022-11-12 17:25:21
BTC,"1042.00","0.06514620",14qEw7NjVqgJpgPDm5rJhVb2pc8UEjhry2,64295c2c71eced00889bf8df5f32739adf35aa792c513b578e9e195202abc67e,2022-11-15 13:28:46
BTC,"1044.00","0.06563555",14qEw7NjVqgJpgPDm5rJhVb2pc8UEjhry2,31d4f23fe1b12747e926acc854e1e1aa4bc0b62fcc589189b230082548906145,2022-11-18 10:02:06
BTC,"1056.00","0.06909177",14qEw7NjVqgJpgPDm5rJhVb2pc8UEjhry2,c530cbb2b0b9a67d21cb6fd25c42fbb4ab98c3c9fd872d91f0e7447f93e5844c,2022-11-21 12:57:43
BTC,"1054.00","0.06772736",14qEw7NjVqgJpgPDm5rJhVb2pc8UEjhry2,b8485cdf64ce78b2ec261c9b9ced2d19bbc487c50bd089d5d48497f638014dac,2022-11-23 18:01:23
BTC,"1044.00","0.06617997",14qEw7NjVqgJpgPDm5rJhVb2pc8UEjhry2,cfeafdb8cfa6ec649eb9ce726313f04cf923305be16276705e8e9e876474553c,2022-11-26 10:50:22
BTC,"1045.00","0.06483940",14qEw7NjVqgJpgPDm5rJhVb2pc8UEjhry2,13c835b8c2aadc271f8ef00bae1e37e744ced96d3f3f54acb195df6ccbcedfa5,2022-12-03 17:55:07
BTC,"1046.00","0.06481340",14qEw7NjVqgJpgPDm5rJhVb2pc8UEjhry2,28c9dce65f7f0f18657748d4c6ac0b010eb89aee279fdc570f88bc6a826ab7bd,2022-12-06 19:15:06
BTC,"1045.00","0.06414024",14qEw7NjVqgJpgPDm5rJhVb2pc8UEjhry2,a259185dcbc5389e36250693ad9f8a082071c9989758ce243952b71480595314,2022-12-09 19:25:05
BTC,"1045.00","0.06400314",14qEw7NjVqgJpgPDm5rJhVb2pc8UEjhry2,778ac79dbb837b777113971e2713d4ebf3e74daaff1b14aba3f541faee7f076d,2022-12-11 08:15:07
BTC,"1045.00","0.06458675",14qEw7NjVqgJpgPDm5rJhVb2pc8UEjhry2,ec52b5fc136002a5f076336fa83aaeccd08c6cfcf60593150dcc7dcefc56a620,2022-12-12 20:25:08
BTC,"1044.00","0.06305866",14qEw7NjVqgJpgPDm5rJhVb2pc8UEjhry2,164b4ba876ff1147a35de14eb8176e533b65ca792e06b407a50b8f2a3a577ace,2022-12-15 21:25:05
BTC,"1046.00","0.06588023",14qEw7NjVqgJpgPDm5rJhVb2pc8UEjhry2,d6a8d8ad2c345b744e5028b2f7b9ab0ea9d7482c1d84d1c17aca34775e9c628e,2022-12-17 16:05:09
BTC,"1045.00","0.06692565",14qEw7NjVqgJpgPDm5rJhVb2pc8UEjhry2,ad7b485fceb808a42565b12ce468e7008191d5f51f93f49a108334b8830702ee,2022-12-20 00:25:07
BTC,"1046.00","0.06540091",14qEw7NjVqgJpgPDm5rJhVb2pc8UEjhry2,cc44288114a56db7f014a2603f88dddb6f58f0fbdc432c5b2532d3d22857bf8f,2022-12-23 00:35:08
BTC,"1043.00","0.06524907",14qEw7NjVqgJpgPDm5rJhVb2pc8UEjhry2,d4ed94d95026c225f3b88fd42ca72f7173c238d7f72015a07d1b525afb1a0a29,2022-12-26 19:55:07
BTC,"1045.00","0.06608006",14qEw7NjVqgJpgPDm5rJhVb2pc8UEjhry2,10535b3a35f7f46cdf0c78f9092962ff2025797a4601dc1ea73689771083f942,2022-12-28 19:15:09
BTC,"1045.00","0.06645000",14qEw7NjVqgJpgPDm5rJhVb2pc8UEjhry2,7438250db7d032245e3a335c86daabe00eaecd8f2889831e06cc1e154de464b5,2022-12-30 07:25:10
BTC,"1044.00","0.06636341",14qEw7NjVqgJpgPDm5rJhVb2pc8UEjhry2,902d3422012a52853d6b528933ba76cdf32709332c2cad4c3bcef57b1a63073d,2022-12-31 04:05:04
BTC,"475.00","0.03016514",14qEw7NjVqgJpgPDm5rJhVb2pc8UEjhry2,5aa378be346bdbb21c0b64a9c0cac133bad5fee539c595960ea5a60945a1fb3b,2022-12-31 11:55:08
BTC,"569.00","0.03617353",14qEw7NjVqgJpgPDm5rJhVb2pc8UEjhry2,"03184aec03f392454fe2144e24d0a305d89deb8ce89711bf9ed20e37ceec1bb9",2023-01-01 16:35:07
BTC,"1045.00","0.06589318",14qEw7NjVqgJpgPDm5rJhVb2pc8UEjhry2,e10d1a9de16fa3fddee4fc3136ec4757a002ca929f9418b1897604381517c6a3,2023-01-03 05:05:08
BTC,"1047.00","0.06500657",14qEw7NjVqgJpgPDm5rJhVb2pc8UEjhry2,2cfd6619d13984519c5e2649624d5aa2abac54da123fe587011a1a409b220f52,2023-01-04 19:15:07
BTC,"1033.00","0.06540912",14qEw7NjVqgJpgPDm5rJhVb2pc8UEjhry2,"0de57b460295b25b3f901bdd212c0e55693f4131a70edf68d85a09a2cb3a020b",2023-01-06 07:05:04
BTC,"1044.00","0.06554613",14qEw7NjVqgJpgPDm5rJhVb2pc8UEjhry2,7ad5ed5b170286512f9b0c91080ac14436d48a53f4113267a907e0a1f8ebb277,2023-01-07 10:15:08
BTC,"1044.00","0.06447527",14qEw7NjVqgJpgPDm5rJhVb2pc8UEjhry2,94478b2828953f39d3802f1b68b258e019aa272933322f12a6f6f1d3ed1c9e7b,2023-01-09 06:55:13
BTC,"1044.00","0.06460299",14qEw7NjVqgJpgPDm5rJhVb2pc8UEjhry2,e0ffc17eb9d762cd018da4f0f0789f88f11b511cb92c4bd4f29e6a7c9422c27c,2023-01-09 22:35:09
BTC,"5259.00","0.32009808",14qEw7NjVqgJpgPDm5rJhVb2pc8UEjhry2,52c25d83043522822211a58d8d7c60281c10c1852f9b1a9bf2db3f146b1562b9,2023-01-11 01:45:06
BTC,"5278.00","0.26489817",14qEw7NjVqgJpgPDm5rJhVb2pc8UEjhry2,e973f4b521d7b209b2b0943c786eb40fdc47e6fd9b31f0055015870c8af321f3,2023-01-17 09:45:05
BTC,"5316.00","0.24195476",14qEw7NjVqgJpgPDm5rJhVb2pc8UEjhry2,a38ee1b92366429afb0e61e7cc8da24716f1fece4c8286aef9fbe591d0c9bab9,2023-01-27 17:45:06
BTC,"5245.00","0.24344687",14qEw7NjVqgJpgPDm5rJhVb2pc8UEjhry2,478fb4f2e72c7773d691cc31cd752faf3a57c38b24ad21784bf902e45dc11d85,2023-02-06 03:05:08
BTC,"5276.00","0.25997175",14qEw7NjVqgJpgPDm5rJhVb2pc8UEjhry2,4cada2b013728df9c272024713f77c6265ecb82028e0821827e399cb4fd2a8b5,2023-02-10 22:15:07
BTC,"6265.00","0.29998870",14qEw7NjVqgJpgPDm5rJhVb2pc8UEjhry2,252bca48a166f5a7fcb1d4a7b5968cd82a30624a2c9387748d617095046bc8e9,2023-02-12 21:45:11
BTC,"5456.00","0.25997175",14qEw7NjVqgJpgPDm5rJhVb2pc8UEjhry2,8fe99a5b96ca803cc8877f9949e64af1e6c90228057e853d5056c401d412a8a6,2023-02-15 03:35:08
BTC,"5461.00","0.24498870",14qEw7NjVqgJpgPDm5rJhVb2pc8UEjhry2,11ababf77aa501041afef7cc5bab28109717057caf7d2f2b6ba5e21794ccc691,2023-02-17 01:45:07
BTC,"5797.00","0.24998870",14qEw7NjVqgJpgPDm5rJhVb2pc8UEjhry2,7305415bef23e481d1761909afdad629eeb85b56149d71035449675f7e142cc4,2023-02-19 04:05:07
BTC,"5745.00","0.24999774",14qEw7NjVqgJpgPDm5rJhVb2pc8UEjhry2,e1844b6b72b2ee3dc11dec91f202c8ccdc07e2886132f9a74654e77266cc07c3,2023-02-23 00:25:06
BTC,"5452.00","0.24998870",14qEw7NjVqgJpgPDm5rJhVb2pc8UEjhry2,55b7e018a6153146527afd11008654589d553c1f1b5f2b8e27cdfb4238a7571d,2023-02-26 14:45:10
BTC,"5277.00","0.23413151",14qEw7NjVqgJpgPDm5rJhVb2pc8UEjhry2,15af40a187663141197e9dc8e4de6a5396ae11fffbdced882d5b18a6ca8f8bcd,2023-03-01 17:15:06
BTC,"5227.00","0.24618223",14qEw7NjVqgJpgPDm5rJhVb2pc8UEjhry2,4d8904045e7c78a9d9f1975bc5ddc5c6d13b7e33f6dc46cebc73949a6836fa52,2023-03-05 00:50:57
BTC,"5274.00","0.24999435",14qEw7NjVqgJpgPDm5rJhVb2pc8UEjhry2,ee0704345b96eaaa83a1a52441e4955312b4353a4747c8c4aafcc4037e41052d,2023-03-07 20:03:12
BTC,"5466.00","0.27999435",14qEw7NjVqgJpgPDm5rJhVb2pc8UEjhry2,2fc8fabe48c307eaef41a54f1e59d860082dc38c585cd7b9d629f3f9941a55e3,2023-03-11 09:47:56
BTC,"5778.00","0.24998870",14qEw7NjVqgJpgPDm5rJhVb2pc8UEjhry2,11328ff11b4ded3c6cbbf7c7be140f12b1db592e785234dc660246cd43b72d2c,2023-03-15 20:24:12
BTC,"5203.00","0.20000000",14qEw7NjVqgJpgPDm5rJhVb2pc8UEjhry2,133aed8c33a92df6a672ed915825bd3dd2a5abc6474c93120e713d47cd0e310a,2023-03-19 15:29:02
BTC,"5372.00","0.20000000",14qEw7NjVqgJpgPDm5rJhVb2pc8UEjhry2,57a1f1d3266ba2a6ff251f6e9643c51f558887060dfd7bae216418469de73daa,2023-03-22 06:11:56
BTC,"5309.00","0.19998870",14qEw7NjVqgJpgPDm5rJhVb2pc8UEjhry2,59a1717a42edd95d7a13d61f6f574d7fa69d4f3032b421768ec3aa575b26ec23,2023-03-27 10:08:00
BTC,"5269.00","0.19999435",14qEw7NjVqgJpgPDm5rJhVb2pc8UEjhry2,e61a0dff5e79b799b897825c489e18909782aec9f7f4c32e3aa6c6d3be5e0ee4,2023-03-31 00:05:12
BTC,"5326.00","0.19999435",14qEw7NjVqgJpgPDm5rJhVb2pc8UEjhry2,d8e1edb5cecff818f10ec32c94901223b8d0802c4aad35ed732781c1a345e9e4,2023-04-03 11:01:59
BTC,"5329.00","0.19999435",14qEw7NjVqgJpgPDm5rJhVb2pc8UEjhry2,4a7bd17cc79fe4e9b696821e6d60e1854623563cf5a1681f3a16773e754cd16b,2023-04-09 05:12:14
BTC,"5302.00","0.18299435",14qEw7NjVqgJpgPDm5rJhVb2pc8UEjhry2,5caa414f0852a941e76ccb286da1d645e3a13ce1ba7404464b339c79b9eca8ea,2023-04-15 00:10:43
BTC,"5358.00","0.19997740",14qEw7NjVqgJpgPDm5rJhVb2pc8UEjhry2,155afb87f864f2ce6f308ee652a3a25ecd34fe23eb521679313123cbaf6a851a,2023-04-20 22:48:56
BTC,"5396.00","0.19998870",14qEw7NjVqgJpgPDm5rJhVb2pc8UEjhry2,4da0604d10ebc9aadcba02d564d703a76a4e396fb6b818cd37ac800f4113f6c1,2023-04-26 06:51:39
BTC,"5308.00","0.18997740",14qEw7NjVqgJpgPDm5rJhVb2pc8UEjhry2,e707df9e2f61001cfa80a68ef8f8acb7d97199b2d48e6976ccbafef231c7a0ef,2023-05-06 07:43:26
BTC,"5165.00","0.19994418",14qEw7NjVqgJpgPDm5rJhVb2pc8UEjhry2,60bf096b3d9a815da64c484120ff779da4be43be90596c7396cabb3a22efca6d,2023-05-16 09:35:07
BTC,"5113.00","0.20000000",14qEw7NjVqgJpgPDm5rJhVb2pc8UEjhry2,7985ed7e8fcf94f77bb7298cc66ebd9f5ec4ad07debb4e4c221b6e902bff2a68,2023-05-21 20:14:57
BTC,"5264.00","0.20000000",14qEw7NjVqgJpgPDm5rJhVb2pc8UEjhry2,23725299af64bdb5405571f6c5276a4c2257931333fc4eee655a5a375a2dcc3d,2023-05-29 18:05:09
BTC,"5168.00","0.20000000",14qEw7NjVqgJpgPDm5rJhVb2pc8UEjhry2,95500d7b072ddfef8f389f2cdf2e1c393afafca86a639c33e7f23be131732d2f,2023-06-04 19:34:02
BTC,"5331.00","0.22000000",14qEw7NjVqgJpgPDm5rJhVb2pc8UEjhry2,d4a6b236f394a5c3990f23b5f32d2c03f808ce28ecbd8e45f017c9d47ebab2d7,2023-06-10 21:45:09
BTC,"5191.00","0.21000000",14qEw7NjVqgJpgPDm5rJhVb2pc8UEjhry2,f880fb872110cd22a8e2cc552f1a36cd37471bef1896b84e4e5efc8aae706878,2023-06-16 22:43:17
BTC,"431.00","0.01500000",1FrLZvJi6AcSwo4YhYgM5J9KgtEomBCNUf,102f8c2d686298ce0ef1f0a7250abe6f1fdd71235f99419ae1afe3bc80a7777e,2023-07-07 18:20:31
BTC,"5189.00","0.18000000",1FrLZvJi6AcSwo4YhYgM5J9KgtEomBCNUf,f8f7e4fa1e37efcadfe9ce7a6cef8580f8bae5186892f69baef3911e4ad1c052,2023-07-10 17:07:28
BTC,"5183.00","0.18000000",1FrLZvJi6AcSwo4YhYgM5J9KgtEomBCNUf,c1c77c3ae71d4b5d5e44322061733a814d44779097a1f53345b26c0b83df8e3d,2023-07-15 04:03:20
BTC,"5106.00","0.18000000",1FrLZvJi6AcSwo4YhYgM5J9KgtEomBCNUf,42caa61ba783e057f7ffd82dc246fbf13e44d9d5af71143f77a19e1938beca03,2023-07-19 00:11:15
BTC,"5088.00","0.18000000",1FrLZvJi6AcSwo4YhYgM5J9KgtEomBCNUf,52ff3a574744d7d930701f65aa7a4596e5f8d9a2faa7120894a4b92a05fe3f0b,2023-07-24 09:05:27
BTC,"5149.00","0.18500000",1FrLZvJi6AcSwo4YhYgM5J9KgtEomBCNUf,5c936ac3fc87156d84364296dce4a4f8320e3a693b886ff90d7fa0e0fd8a32e8,2023-07-28 13:03:43
BTC,"5073.00","0.18000000",1FrLZvJi6AcSwo4YhYgM5J9KgtEomBCNUf,6084353947cfedf50b25deaeed5ad1ddce08c00dc293e5ff0623499b91bb0d1d,2023-08-02 00:33:15
BTC,"5243.00","0.19000000",1FrLZvJi6AcSwo4YhYgM5J9KgtEomBCNUf,f0117a3c8786f646bf6f3c945167debca56814c08c3b8bf41e1b3b6c91893af1,2023-08-05 06:33:50
BTC,"5124.00","0.18300000",1FrLZvJi6AcSwo4YhYgM5J9KgtEomBCNUf,10ce51d46a4dbc7ef01b57dd33bf8a597615d076449ec1c7542f1e7783a2ceb3,2023-08-09 21:22:40
BTC,"5186.00","0.18607583",1FrLZvJi6AcSwo4YhYgM5J9KgtEomBCNUf,55385b5e33bc3c44aa0deb2034ef72ead7c97e5ddbf980b6b9e9fd89297fef7a,2023-08-15 05:24:46
BTC,"5504.00","0.22181117",1FrLZvJi6AcSwo4YhYgM5J9KgtEomBCNUf,5c2bf19f75bfa3e1a17993388667061159187d6a61f70166512828e5f264f19a,2023-08-19 19:44:55
BTC,"5195.00","0.21000000",1FrLZvJi6AcSwo4YhYgM5J9KgtEomBCNUf,2a64c6a2fc3314c012142565056ecd1444fa433b27af93e3d237cc787e431b5d,2023-08-26 16:25:58
BTC,"5166.00","0.21000000",1FrLZvJi6AcSwo4YhYgM5J9KgtEomBCNUf,91b2e65492744e452cdb881f6fae94a04047bd9bb78b85bd2b210a5acd3067c3,2023-09-03 09:32:06
BTC,"5242.00","0.22000000",1FrLZvJi6AcSwo4YhYgM5J9KgtEomBCNUf,cb8279b34fc47a0c24a8ed04c36bb1de60363dbc92b205330c22bf061556cf63,2023-09-11 21:56:35
BTC,"5311.00","0.21000000",1FrLZvJi6AcSwo4YhYgM5J9KgtEomBCNUf,8fa3c224a449394c3143e754af2622ec9ff6c662376293ef0364b8300c128dad,2023-09-16 00:12:32
BTC,"5309.00","0.21000000",1FrLZvJi6AcSwo4YhYgM5J9KgtEomBCNUf,65f3a9a4d47258675110fe49f6d43fc6dccb3039663769dc167d851a63fc9265,2023-09-22 07:25:10
BTC,"5148.00","0.20722394",1FrLZvJi6AcSwo4YhYgM5J9KgtEomBCNUf,13cb9cf99c96d32583de5fb81db526e64be489ef00ed3ee787ca29a59b65d72c,2023-09-26 19:05:07
BTC,"5366.00","0.20996090",1FrLZvJi6AcSwo4YhYgM5J9KgtEomBCNUf,e177193c4292813f79753c574887627dce49e044061838a80f02fed9b38f31c6,2023-09-29 21:55:06
BTC,"5500.00","0.20999356",1FrLZvJi6AcSwo4YhYgM5J9KgtEomBCNUf,8411051bdd3c30350096531e6af7dbdedf711c91cabf3bfb3c19580d8ce07260,2023-10-04 12:15:10
BTC,"5304.00","0.20000000",1FrLZvJi6AcSwo4YhYgM5J9KgtEomBCNUf,a84473a12de512e2e07c5f0a536a1004eb9b5260ada298eac71a376f32fb052c,2023-10-08 07:35:07
BTC,"5313.00","0.21000000",1FrLZvJi6AcSwo4YhYgM5J9KgtEomBCNUf,82cf575db2ea143c30e4512b0e521bf6db2124ed746293832d5cde55fa853770,2023-10-12 18:05:07
BTC,"5405.00","0.20000000",1FrLZvJi6AcSwo4YhYgM5J9KgtEomBCNUf,28e9fdf78c364f1d43327864cfab39aebbf25345eaca9b05e97428c6d384ba1c,2023-10-17 18:55:07
BTC,"5357.00","0.19000000",1FrLZvJi6AcSwo4YhYgM5J9KgtEomBCNUf,db3f061b2237bb54c0dd41480b0572a7565be9d92a3c3102672cad4fcddbe059,2023-10-21 09:15:10
BTC,"5197.00","0.16000000",1FrLZvJi6AcSwo4YhYgM5J9KgtEomBCNUf,873be2a16afd0efb57c3cc4b306865f03cc61b0452972b9f5439f00af7cd4231,2023-10-26 15:25:46
BTC,"5243.00","0.16000000",1FrLZvJi6AcSwo4YhYgM5J9KgtEomBCNUf,2585b0fefc94f90f05bb7e192f33f258fed47d7d482ec132e45ef42f85436555,2023-10-31 19:25:12
BTC,"5334.00","0.16000000",1FrLZvJi6AcSwo4YhYgM5J9KgtEomBCNUf,a0f278b69d506b8d688ad31ffda4a3a3d9065a8e218f561b5bd45c5867cacd32,2023-11-05 02:15:10
BTC,"5381.00","0.16000000",1FrLZvJi6AcSwo4YhYgM5J9KgtEomBCNUf,31557c603f21d7da1e5a41f605020ff5e7f3985e637d13f9c9eb156571d1fb87,2023-11-08 13:35:07
BTC,"5228.00","0.15000000",1FrLZvJi6AcSwo4YhYgM5J9KgtEomBCNUf,ace695cbc19c4223e6d888dabfd08bac709bb827657dba0a42e4bc7d589f2787,2023-11-12 10:55:07
BTC,"5119.00","0.15000000",1FrLZvJi6AcSwo4YhYgM5J9KgtEomBCNUf,bd675876629b87993a7bda4b4c79f135f0d0c2c1ab7b3526d529f6fb322b9246,2023-11-17 10:35:09
BTC,"5127.00","0.15000000",1FrLZvJi6AcSwo4YhYgM5J9KgtEomBCNUf,2e03eda009f54458bd7a35f185659f5e8fea4bd78d5a75aaee9022a41b1316d1,2023-11-22 06:05:09
BTC,"5354.00","0.15000000",1FrLZvJi6AcSwo4YhYgM5J9KgtEomBCNUf,d9a0a16951b035271eefcc28be330df85db2b2ae41d7941cb9861c0dfdc6444a,2023-11-28 22:25:13
BTC,"5556.00","0.15000000",1FrLZvJi6AcSwo4YhYgM5J9KgtEomBCNUf,a4626efd09f4df036a29f0ac0a5b948e81ad19f8ac45a91aca96eb14a33f9aff,2023-12-02 20:25:08
BTC,"5392.00","0.13000000",1FrLZvJi6AcSwo4YhYgM5J9KgtEomBCNUf,1482c006da33368dd9ec667c4134c1f9795823b53da3f6a1bd98ff903f75abd6,2023-12-06 06:45:08
BTC,"5167.00","0.12500000",1FrLZvJi6AcSwo4YhYgM5J9KgtEomBCNUf,eafaf319ac183018f221292291561965af959db24d132d307c21dc4804c65db5,2023-12-08 03:55:14
BTC,"5196.00","0.13000000",1FrLZvJi6AcSwo4YhYgM5J9KgtEomBCNUf,730b172d0063f29dd2ba75c2afbb717df5fa0d16d4162ed16bac75633197543a,2023-12-11 06:55:11
BTC,"5465.00","0.13447786",1FrLZvJi6AcSwo4YhYgM5J9KgtEomBCNUf,"0a6a1011f5a16ec77ba0278a3f57743ea9d36c9125aadd2908385f6286cc09cf",2023-12-13 20:55:10
BTC,"1971.00","0.04932540",1FrLZvJi6AcSwo4YhYgM5J9KgtEomBCNUf,2e72d998ca2e664c07b082229c6237ab14c700bdb9aa528ea310db8318a570ae,2023-12-17 20:15:10
BTC,"5269.00","0.12995338",1FrLZvJi6AcSwo4YhYgM5J9KgtEomBCNUf,30d386d0b830bee1b60af3749b615635592771e027233f412ee8c8cb40523f6f,2023-12-19 01:25:10
LTC,"5347.00","79.99980800",LQVX7tduj89w7gCBLyE9wsSSiGP43UShq1,e0b7d9b99c5daf94f0650d4d4daece70413990e9c5f7222ae648ab11165eef8d,2023-12-21 18:14:21
LTC,"5179.00","74.99994240",LQVX7tduj89w7gCBLyE9wsSSiGP43UShq1,1eca9f93709b7097cbd99f00b448cd30fecc24f86e4a0c223abaeacfeb4bf237,2023-12-26 12:35:10
LTC,"5216.00","74.99996610",LQVX7tduj89w7gCBLyE9wsSSiGP43UShq1,7f9df9dfd6a13534088e55c7e3c438bdc9c34ad125f5c912d79fa8a1facfbc0f,2023-12-31 17:02:11
LTC,"5288.00","84.99994240",LQVX7tduj89w7gCBLyE9wsSSiGP43UShq1,b55f1e4cecab34b3cca672077b6c5b5a2f7a1f60371ed7a5c37015159789eaa7,2024-01-06 04:18:58
BTC,"5247.00","0.12000000",1BdddYe4PtdgxDGwGgJ8SYuCXRRab3QK3x,e89f19811ab53abd865c46a90f1f4702f3836d2e6ea2923b296fcfc21ef3d75a,2024-01-09 10:55:07
LTC,"5809.00","84.30544890",LaVUmL6MUVmzmr66Qpqj2gFNdWz1z3nyfo,"058e20585c5eba5ea11b44acd291444d8f5efdeb83a25bbcd27db99ac24cc871",2024-01-14 12:05:11
LTC,"5208.00","79.99996610",LaVUmL6MUVmzmr66Qpqj2gFNdWz1z3nyfo,4b2ecff524af655328e5dba21daad56d63804adc71577e25b944907d536b7d92,2024-01-19 09:55:08
LTC,"5310.00",78.03909345,LaVUmL6MUVmzmr66Qpqj2gFNdWz1z3nyfo,708c26ab646d3bb78f688a84ee21d0d9c3ed9550004240405b0cf0ddef84bca3,2024-01-22 06:05:15
LTC,"972.00","15.00000000",LaVUmL6MUVmzmr66Qpqj2gFNdWz1z3nyfo,b5f8c8711baa7f4be8c0b627519d0347322bd717a99f37040edb7b061038c41b,2024-01-22 19:05:11
BTC,"5263.00","0.13000000",1BdddYe4PtdgxDGwGgJ8SYuCXRRab3QK3x,c738cb53869a4be62775b5122e592356098f071711390754eeb488e86ce5c563,2024-01-28 11:12:07
LTC,"5176.00","81.00000000",LaVUmL6MUVmzmr66Qpqj2gFNdWz1z3nyfo,5043ed996b00f7083c9743f3753e1e5e56b23bcb74510ebe0c7d5533d7a9ebad,2024-02-01 18:44:11
BTC,"5165.00","0.12500000",1BdddYe4PtdgxDGwGgJ8SYuCXRRab3QK3x,419fde275e0ef603011c8c515b404afd4a0100a7745949c4de69502c2672ff25,2024-02-07 18:42:13
BTC,"5097.00","0.11000000",1BdddYe4PtdgxDGwGgJ8SYuCXRRab3QK3x,fbb3957696e7b1ab58fc6c76e85bd8f3118dc258fca83a5bd403b4bb903ce692,2024-02-13 16:42:10
BTC,"5080.00","0.10400000",1BdddYe4PtdgxDGwGgJ8SYuCXRRab3QK3x,3cd7615349c044f2b02ff0c201bc1d971e09d4018bbd8437860be41169352610,2024-02-18 10:42:10
BTC,"5040.00","0.10500000",1BdddYe4PtdgxDGwGgJ8SYuCXRRab3QK3x,43a28ef88dc4fba080ea45766b0fbee17a5c1b413a3b7bfd65edb4e5ee817ace,2024-02-23 20:12:14
LTC,"4964.00","72.00000000",LaVUmL6MUVmzmr66Qpqj2gFNdWz1z3nyfo,22f3cb464d3b83c7927659a082cf634517f2d10c10ed03ee5a8e780dd0be8080,2024-02-28 11:05:11
BTC,"5237.00","0.09000000",1BdddYe4PtdgxDGwGgJ8SYuCXRRab3QK3x,b9bf9fa792a40506b417a14fff53c3681bd86aba573ae3699ed976967819455c,2024-03-03 07:12:06
BTC,"5174.00","0.08100000",1BdddYe4PtdgxDGwGgJ8SYuCXRRab3QK3x,"0fbd2711b3571b54f4bbed7c1b41b9f2edae79bff5966497827df1736a423b2d",2024-03-08 16:25:08
LTC,"5076.00","57.00000000",LaVUmL6MUVmzmr66Qpqj2gFNdWz1z3nyfo,"0fc789dd2da7928ee7849e65f958af4c6e6d7dfd35f7ba94815428ecf1518fea",2024-03-13 14:45:08
BTC,"5100.00","0.08100000",1BdddYe4PtdgxDGwGgJ8SYuCXRRab3QK3x,16aafc5a9ad3c121da3f05e19e0e358a85894e03a64a839cc1c930b1e3a1c35e,2024-03-18 20:05:09
BTC,"5230.00","0.08500000",1BdddYe4PtdgxDGwGgJ8SYuCXRRab3QK3x,a760b3fd07eda0a3ec402fae9d28c978c6ffcfe111ae2afcc4687110dd6e68f3,2024-03-21 20:25:18
BTC,"5094.00","0.08300000",1BdddYe4PtdgxDGwGgJ8SYuCXRRab3QK3x,37aa652672d5099fb7adc6519c208e4d98adf7a705c08c67d02512c266b46bc3,2024-03-24 12:15:08
LTC,"5133.00","58.00000000",LaVUmL6MUVmzmr66Qpqj2gFNdWz1z3nyfo,678dd93030a88f64dfdc3db09f4fa76c999ab896a1c664bd0dc2521f782f00ad,2024-03-29 05:35:13
LTC,"5130.00","55.00000000",LaVUmL6MUVmzmr66Qpqj2gFNdWz1z3nyfo,4f8dfd78e31979b2255a08bf74eb5ac6ede970cf8ab8f903f50d9a2c115af86b,2024-04-01 20:25:06
LTC,"5138.00","55.00000000",LaVUmL6MUVmzmr66Qpqj2gFNdWz1z3nyfo,3e018fbe2088de654071abcd36a70d008d951d80a67be32573891169e1d3f6b3,2024-04-05 20:35:07
BTC,"5194.00","0.08000000",1BdddYe4PtdgxDGwGgJ8SYuCXRRab3QK3x,5539525e1960c68ecbeb09274ad0503b5e49705e7638176408d56cdfb473a2c1,2024-04-09 21:55:08
LTC,"5395.00","70.00000000",LaVUmL6MUVmzmr66Qpqj2gFNdWz1z3nyfo,343258339be002f191d0b12e97fbf45c00538c7afa3eb084f93faf9d7f0eabff,2024-04-15 09:09:11
LTC,"1857.00","25.00000000",LaVUmL6MUVmzmr66Qpqj2gFNdWz1z3nyfo,"0f155e84792d8488d8d5b395d3428de3c75855e2be426a4d93226ee55db56a30",2024-04-19 06:45:08
LTC,"1894.00",24.79887936,LaVUmL6MUVmzmr66Qpqj2gFNdWz1z3nyfo,4c196711827409a07f16ab30902acb4add5f95f0f13d205821025dbf37b8717c,2024-04-19 19:05:07
LTC,"1410.00",17.61349317,LaVUmL6MUVmzmr66Qpqj2gFNdWz1z3nyfo,"0b62bd1da520e5fa7443d194646e6fafbd93ccf03121103a8d08ca1438b454de",2024-04-21 12:55:06
LTC,"1450.00","18.00000000",LaVUmL6MUVmzmr66Qpqj2gFNdWz1z3nyfo,a6edbe521505849c4b4370a925eb72253d384058af52bb95e43697d9d1e9930c,2024-04-22 18:45:10
LTC,"2385.00","30.00000000",LaVUmL6MUVmzmr66Qpqj2gFNdWz1z3nyfo,495e4ea45885c77a4ad9aff14775e8bb92483324cb11ef086692828c971a5958,2024-04-24 20:35:10
LTC,"2366.00","30.00000000",LaVUmL6MUVmzmr66Qpqj2gFNdWz1z3nyfo,aa2e1c88fc8bee08022b016b8d79db2bab3db48444f292f4679bd9ae10c3cb57,2024-04-28 00:05:10
LTC,"2386.00",31.50920609,LaVUmL6MUVmzmr66Qpqj2gFNdWz1z3nyfo,f5517c6d50d390a508ecb7a5cee953214913fc7869f169ca1d3d16265b0594de,2024-04-30 11:05:12
LTC,"1877.00","25.00000000",LaVUmL6MUVmzmr66Qpqj2gFNdWz1z3nyfo,8e2885dcfc791f0460e28849ed40f51259597a468df2ecba4672ae82bcd519ba,2024-05-03 07:55:09
LTC,"931.00","12.00000000",LaVUmL6MUVmzmr66Qpqj2gFNdWz1z3nyfo,53649a6e405bb2d5bf98e7b924b4e0a7fd09c5c04ed1924c800f1c05a71c7e1f,2024-05-04 13:15:13
BTC,"1504.00","0.02500000",1BdddYe4PtdgxDGwGgJ8SYuCXRRab3QK3x,5c6136e5d4e1f35dbe560beecba4c93584acd14792eec87b508a99a2fd342e56,2024-05-04 13:15:13
LTC,"1910.00","25.00000000",LaVUmL6MUVmzmr66Qpqj2gFNdWz1z3nyfo,8b7e81920b361ac4617493144553d0b7b177f33ab99ae2610b11afd9e4b4324e,2024-05-06 22:45:11
LTC,"1901.00","25.00000000",LaVUmL6MUVmzmr66Qpqj2gFNdWz1z3nyfo,afb00298b82385fbbba1d5ca733f548c49df80306bac07584a4c24487e4c2390,2024-05-08 04:05:08
LTC,"1540.00","20.00000000",LaVUmL6MUVmzmr66Qpqj2gFNdWz1z3nyfo,45544c28b0b9d9f1fb0406befd5285407d48d83f908453572d7398102f6f95db,2024-05-09 15:45:12
LTC,"1933.00","25.00000000",LaVUmL6MUVmzmr66Qpqj2gFNdWz1z3nyfo,ab0bc0b286993c1e5cfb4ce291cd46fafef8bdbb0104818dec5f67fe6f13bb28,2024-05-12 04:15:06
BTC,"1866.00","0.03000000",1BdddYe4PtdgxDGwGgJ8SYuCXRRab3QK3x,3b71c961f6b3eedd33ca1267a5f4359b5987305916c0eade67adefe2726632f6,2024-05-16 22:25:09
BTC,"1917.00","0.03000000",1BdddYe4PtdgxDGwGgJ8SYuCXRRab3QK3x,2e50e0c172a57ce0878f533d7647e2601f2f9e7309856dbc321aa65dfdbecf9c,2024-05-19 11:55:09
BTC,"1991.00","0.03000000",1BdddYe4PtdgxDGwGgJ8SYuCXRRab3QK3x,eff9503bc7532826b6e3342607851c358bb5358b828a4bf5e055ef49f5c1a9fb,2024-05-21 16:15:10
LTC,"2023.00","25.00000000",LaVUmL6MUVmzmr66Qpqj2gFNdWz1z3nyfo,be77a7994aa0eaf399a34c503b5d004f59f6d766183d3b0f68be336590b71a2c,2024-05-24 08:55:10
BTC,"1960.00","0.03000000",1BdddYe4PtdgxDGwGgJ8SYuCXRRab3QK3x,"0c22792c45a6e104afea1a91cda3cdbb9ca2ce6c1f27b139d36b372168e28200",2024-05-26 19:25:11
LTC,"2012.00","25.00000000",LaVUmL6MUVmzmr66Qpqj2gFNdWz1z3nyfo,955709e20eb6e76f20ff917f205d182aa1e6611747236090b52e4c5fa93217a4,2024-05-27 13:45:12
LTC,"1725.00",21.81875962,LaVUmL6MUVmzmr66Qpqj2gFNdWz1z3nyfo,b1021ffd5f39672f81eba763adf8d03dad7a3233760541090d5ba0ee3e7e8346,2024-05-28 20:25:10
LTC,"5138.00",64.00582386,LaVUmL6MUVmzmr66Qpqj2gFNdWz1z3nyfo,11f75b524c131611c64f9f5b21edc7bf0d3e1d2af281e13e42dc2faf2ff1ef91,2024-05-30 20:52:14
LTC,"5286.00","67.00000000",LaVUmL6MUVmzmr66Qpqj2gFNdWz1z3nyfo,c36f9967af379ddfc89a4240d98f6bccaf9aa84c4198a51f539385f3a26b0bb6,2024-06-03 00:25:11
LTC,"5221.00","65.00000000",LaVUmL6MUVmzmr66Qpqj2gFNdWz1z3nyfo,65c1c13e4186824e51813b879f32ff15298276b185891e148fc0941682ec6df8,2024-06-06 07:05:06
BTC,"5275.00","0.08000000",1BdddYe4PtdgxDGwGgJ8SYuCXRRab3QK3x,263171a218fda8233541c3717739f6bc6af7ecd1c392db0959d9ab04ec741f48,2024-06-10 11:35:12
BTC,"5044.00","0.08000000",1BdddYe4PtdgxDGwGgJ8SYuCXRRab3QK3x,17270da09d783cd7f94772e75df084e2790673ea6771ae7d0534335fbee8af9a,2024-06-13 16:45:11
LTC,"5269.00","75.00000000",LaVUmL6MUVmzmr66Qpqj2gFNdWz1z3nyfo,2df6b67459f4b9dddc4494aa20c1c800347313ae850ad096235c183f1495a82e,2024-06-22 03:35:09
LTC,"5081.00","75.00000000",LaVUmL6MUVmzmr66Qpqj2gFNdWz1z3nyfo,"07db6f5f094d864b0759eb708d3d010c314a3823e562e948e63b6e4bfb4e5f3f",2024-06-26 21:35:10
BTC,"1193.00","0.02000000",1BdddYe4PtdgxDGwGgJ8SYuCXRRab3QK3x,8a746600fcc94b5970b4179e33711f93d5d98f0c082d804fedead81519f651dd,2024-07-01 13:55:07
LTC,"1429.00","20.00000000",LaVUmL6MUVmzmr66Qpqj2gFNdWz1z3nyfo,a037e12d78f1d815e858db0d5448b7e3b5563ebec44f4d6733271e6c2c70ae8c,2024-07-02 19:33:17
BTC,"2864.00","0.05000000",1BdddYe4PtdgxDGwGgJ8SYuCXRRab3QK3x,e204c933e841d54d87e4b2ba74a1a1a30e4f3029e7253e0a2918662d0857e0b7,2024-07-03 12:55:20
LTC,"1677.00","29.52018050",LaVUmL6MUVmzmr66Qpqj2gFNdWz1z3nyfo,7ef7eaba2107eb78961e6b40aeefc3d320b77696d879cd168b54d0164ad4885b,2024-07-05 12:55:12
BTC,"2157.00","0.04000000",1BdddYe4PtdgxDGwGgJ8SYuCXRRab3QK3x,df9eba56a802c227731aad0c3e647d9ae00716ef184d7e2e1bcf0f26777cf74b,2024-07-07 15:15:10
BTC,"5440.00","0.10000000",1BdddYe4PtdgxDGwGgJ8SYuCXRRab3QK3x,b7ca6c46048e90ba427e6ec05198cbc336f3a9e851c583e92a26e3f7d862c75c,2024-07-09 14:15:12
BTC,"5140.00","0.09000000",1BdddYe4PtdgxDGwGgJ8SYuCXRRab3QK3x,48ed99bd8eaa4b86938726b1aad6bac1e20ac05a1808750f9cf563afb211e92e,2024-07-14 08:45:06
BTC,"5226.00","0.08500000",1BdddYe4PtdgxDGwGgJ8SYuCXRRab3QK3x,a251640be519e7b2e9dd98e4a7b8cc0c10dacb623ab60f96098ca45c76eb5765,2024-07-18 08:32:13
BTC,"5137.00","0.07971712",1BdddYe4PtdgxDGwGgJ8SYuCXRRab3QK3x,c35d31c90b2cd8b2290807225346010ff9826e32f0ad5e80522416535bfa0e62,2024-07-22 22:05:10
BTC,"5085.00","0.08000000",1BdddYe4PtdgxDGwGgJ8SYuCXRRab3QK3x,80d5e41e77fc2e4da29b3aeb4fb459d2f2b8b0d4aefb214ffe2313d82f83009f,2024-07-26 08:25:12
BTC,"5327.00","0.08500000",1BdddYe4PtdgxDGwGgJ8SYuCXRRab3QK3x,e9342f156529a1b016270c706ea739f268d0e65fe5e7d56f6c2f08dbb6c5b294,2024-07-31 11:05:10
BTC,"5395.00","0.10000000",1BdddYe4PtdgxDGwGgJ8SYuCXRRab3QK3x,70cbe6c47749d0c37cc287c8d328cb8dc0871bab5aea1709aad41fe65370582a,2024-08-06 19:35:08
BTC,"5155.00","0.09000000",1BdddYe4PtdgxDGwGgJ8SYuCXRRab3QK3x,e8e33d1137e6626a8b2b78f1344030b51f298a17e85bb7e82bd2c34a54dea008,2024-08-09 19:35:11
BTC,"5202.00","0.09000000",1BdddYe4PtdgxDGwGgJ8SYuCXRRab3QK3x,a7488f79f9c63fe0b42f75ccd43f5da7d70fdafacd95e780cdad601e21519c47,2024-08-13 19:25:09
BTC,"5502.00","0.10000000",1BdddYe4PtdgxDGwGgJ8SYuCXRRab3QK3x,1ff0ec80a4b5eb6f6ba9f0c26b5b5cb5a8de9c70b12b5ce2aaef24228fbc248d,2024-08-15 19:35:10
BTC,"5656.00","0.10212216",1NfQVes1hEPmSBvLYzZnU9u8wofuQ9AAtk,b9aa2b10d131d3d1a82b375123b250c0a57ecc5c1aa077921652fa1edfb461f9,2024-08-19 14:15:07
BTC,"5226.00","0.09000000",1NfQVes1hEPmSBvLYzZnU9u8wofuQ9AAtk,b141b37a19b2b2127eb2bb832613c39aa46d8a58219748327b9e3d8c3e395b66,2024-08-22 08:45:09
LTC,"5134.00","80.00000000",LdeKS6T92oWKwHHJrvBsfhWmuQKEVZAUrs,17509c9282c1d4bfebd2f46fc589ca1a73cdd4768321d0d76879647db8ec3fb1,2024-08-24 18:05:08
BTC,"5598.00","0.10000000",1NfQVes1hEPmSBvLYzZnU9u8wofuQ9AAtk,7bc440619d61baa7b993d63dcbe052a90c34ca7dec0a8a5da9cb2411ea3ac9bf,2024-08-31 19:15:10
BTC,"5335.00","0.10000000",1NfQVes1hEPmSBvLYzZnU9u8wofuQ9AAtk,"01cc80d551e04d8c72954913f6127b8d41075d8ef8effe7c9037f9b6bb59e777",2024-09-05 22:25:11
BTC,"5417.00","0.10000000",1NfQVes1hEPmSBvLYzZnU9u8wofuQ9AAtk,816abbef51e7bc91a879e2e858d1479463913ec24a9b1283deaadab6bd7b90ba,2024-09-10 00:55:13
BTC,"5178.00","0.09000000",1NfQVes1hEPmSBvLYzZnU9u8wofuQ9AAtk,75f492d3e7fa5f6000001f9200c53abd5f88285a760dcc0903cdbde7215f25cf,2024-09-17 19:15:15
BTC,"5381.00","0.09000000",1NfQVes1hEPmSBvLYzZnU9u8wofuQ9AAtk,97980774ebee3749eaf46e2b9cb06b728ed309d8a37703b55c9d10435403c3b9,2024-09-22 22:25:08
BTC,"5252.00","0.08500000",1NfQVes1hEPmSBvLYzZnU9u8wofuQ9AAtk,51505c202c37964da17023380aa92e518ecf2dfedcf3a395dbd677f62bc207f9,2024-09-26 22:35:08
BTC,"5311.00","0.08500000",1NfQVes1hEPmSBvLYzZnU9u8wofuQ9AAtk,b7f12014a0ca527ca33c2a9f0e7ed11cbce7c2c6d29577ee6c6c1856c85586c5,2024-09-29 17:55:09
BTC,"5445.00","0.09377873",1NfQVes1hEPmSBvLYzZnU9u8wofuQ9AAtk,c53609d2a01afca2174864adaee41254ae3b4432933cc35dbc06ad63ac7db772,2024-10-01 22:35:12
BTC,"5339.00","0.09000000",1NfQVes1hEPmSBvLYzZnU9u8wofuQ9AAtk,ed3c48712be3351535ff064f8f4f483f59933fc24e770d95eb8c1c03ef262dda,2024-10-04 21:05:12
BTC,"5175.00","0.08600000",1NfQVes1hEPmSBvLYzZnU9u8wofuQ9AAtk,bf82e291089ad576de5245951dc90acbbb149115db9ef61571b36ae9b01f1bbe,2024-10-07 20:35:10
BTC,"6591.00","0.11398975",1NfQVes1hEPmSBvLYzZnU9u8wofuQ9AAtk,712a601947c67aa09b034dcdb67a4a2a2656535cbecee2f04b115a0dd8830ffa,2024-10-10 08:35:11
BTC,"5369.00","0.09000000",1NfQVes1hEPmSBvLYzZnU9u8wofuQ9AAtk,47489882be6e205e7d03cee7704beee25860623441fbd5ce298922da25cfa6e0,2024-10-13 09:35:09
BTC,"5306.00","0.08405865",1NfQVes1hEPmSBvLYzZnU9u8wofuQ9AAtk,985acc8b4398b99198df8ebd09c1058f30c17bf457ef759838a4b4eb363daf80,2024-10-15 22:55:16
BTC,"5438.00","0.08383186",1NfQVes1hEPmSBvLYzZnU9u8wofuQ9AAtk,ef47f80ab47bb0fd97bd145eb33a72cf107d021cb85744a962954a99aa29a809,2024-10-19 15:15:09
BTC,"5341.00","0.08335714",1NfQVes1hEPmSBvLYzZnU9u8wofuQ9AAtk,f8301d7421fb11658fd307a99d25ace4015a948fe57e135ea510f5b11d6bf955,2024-10-22 02:35:09
BTC,"5283.00","0.08144924",1NfQVes1hEPmSBvLYzZnU9u8wofuQ9AAtk,be8306a1b3f4781879ccda317c4405dcdede94819044dceb1bccdc6c2e539a7a,2024-10-24 22:45:11
BTC,"5469.00","0.08500000",1NfQVes1hEPmSBvLYzZnU9u8wofuQ9AAtk,26167d2998a978a3d8b25417745ea17ad01d3366bafb8e265125a412f0a05b67,2024-10-27 20:45:05
BTC,"5168.00","0.07517209",1NfQVes1hEPmSBvLYzZnU9u8wofuQ9AAtk,e6e8ddb310f611ebfecae8ee90b1edf7aaa6526f584b17a3800c7fa7a5cdf2a6,2024-10-31 02:45:07
BTC,"5541.00","0.08483730",1NfQVes1hEPmSBvLYzZnU9u8wofuQ9AAtk,a6a4fef5d534c89a789f34eab4454b6563e4e934793c098a1fece69e1f6a1184,2024-11-04 11:55:09
LTC,"5869.00","89.21436220",LdeKS6T92oWKwHHJrvBsfhWmuQKEVZAUrs,c65868a7582cfe1da9682fdffaa6a5b012d736f07a241dbed67c1e362285ad61,2024-11-06 18:05:11
LTC,"5344.00",71.64208587,LdeKS6T92oWKwHHJrvBsfhWmuQKEVZAUrs,"01615e1a2fa7e815b5fbfcd4a9e52deeec19ae611573a82909ee76fca40c3306",2024-11-11 19:05:11
BTC,"5096.00","0.06027036",1NfQVes1hEPmSBvLYzZnU9u8wofuQ9AAtk,f6ccb4ccc64d8fc923c5db312650debe6148a4835f2a540348e02e0cd7540a36,2024-11-15 15:25:08
LTC,"6005.00",73.68102754,LdeKS6T92oWKwHHJrvBsfhWmuQKEVZAUrs,502a420140bcf58154cae651eaf84804940512971d133271ec8fe4b3378ee1a7,2024-11-20 13:25:07
BTC,"5148.00","0.05500000",1NfQVes1hEPmSBvLYzZnU9u8wofuQ9AAtk,8ba0e78eda756b1bf5332fc205a7e9683f386beaa435ecdb30941481caf07661,2024-11-23 10:15:11
BTC,"5471.00","0.06263718",1NfQVes1hEPmSBvLYzZnU9u8wofuQ9AAtk,9b37fd651c5b3660c012e890e56f5d4fa65a57941bed62dca6da6bdd95252dc2,2024-11-27 00:45:07
LTC,"5363.00","55.00000000",LdeKS6T92oWKwHHJrvBsfhWmuQKEVZAUrs,f5249d3f37e32b4f0c64d6f0b8a1ef78622b57971a2b6e8c4cc6f0c1cb6760ac,2024-11-29 21:35:14
LTC,"5083.00","45.00000000",LdeKS6T92oWKwHHJrvBsfhWmuQKEVZAUrs,a0f563df2184f63906f15bfcf27f3a7f17fcceec86a0b89203243dd64ac436d1,2024-12-02 18:05:11
BTC,"5180.00","0.05300000",1NfQVes1hEPmSBvLYzZnU9u8wofuQ9AAtk,579463408b1a150c05df17721ef1ad07fb7c0b8df6e579ae26822f4073a8058e,2024-12-05 09:45:10
BTC,"5170.00","0.05500000",1NfQVes1hEPmSBvLYzZnU9u8wofuQ9AAtk,910dcf0f4b6a51619cca48a02b529cef70200c7f66e9a1e5e2a2969f3edd57b4,2024-12-09 09:45:09
LTC,"5437.00","47.41851640",LdeKS6T92oWKwHHJrvBsfhWmuQKEVZAUrs,b8e8a3de64664d4ce78f3723aecf850e31c1051a0d00127eb8aee89fa527c081,2024-12-12 11:05:07
BTC,"5215.00","0.05300000",1NfQVes1hEPmSBvLYzZnU9u8wofuQ9AAtk,6abe0ad53be237ba0e39782cceedd92821fcdea882e1525e5d76e26c75f6365b,2024-12-16 13:35:05
BTC,"5208.00","0.05700000",1NfQVes1hEPmSBvLYzZnU9u8wofuQ9AAtk,380b947b4331fe0ceb07897fa6db3251f7c2e559e4dc0bf4e287ebbd2f35c34f,2024-12-23 13:05:10
BTC,"5439.00","0.06139323",1NfQVes1hEPmSBvLYzZnU9u8wofuQ9AAtk,99e7426024a6dc1b2785ac72318f00a9f24ad73f33c0223baecc0e510a91ad20,2024-12-29 22:55:19
BTC,"5221.00","0.05674358",1NfQVes1hEPmSBvLYzZnU9u8wofuQ9AAtk,18ac5b68d71a83faa5c446573f4bea35c8841330199a2766e4f8f32264f280c4,2025-01-02 23:45:11
BTC,"5236.00","0.05550918",1NfQVes1hEPmSBvLYzZnU9u8wofuQ9AAtk,4041e44e2e83677242de116b6402ce8db41b6979806d8d8c6adaaa5dd2c66d6f,2025-01-06 08:05:12
BTC,"5204.00","0.05800000",1NfQVes1hEPmSBvLYzZnU9u8wofuQ9AAtk,34d7ae8bb8881058689c0a9f01dfeac0a2007f26ab641dd1a7b2b701dc5b3210,2025-01-11 11:35:09
BTC,"5148.00","0.05600000",1NfQVes1hEPmSBvLYzZnU9u8wofuQ9AAtk,35814c3ab0572d3525309c01f59c15cd4ad7e9b415319f3d6d9537db06610f35,2025-01-15 10:35:13
BTC,"5390.00","0.05402257",1NfQVes1hEPmSBvLYzZnU9u8wofuQ9AAtk,b30aa368bc151359d8f9dce6a691d5c509d79eb72b54c89245c746334b7c4176,2025-01-19 14:45:11
BTC,"5171.00","0.05200000",1NfQVes1hEPmSBvLYzZnU9u8wofuQ9AAtk,8922b33d061a89522584864cd19e1e315c7bb2b9a0b78b0e20e9f2f09a66eb4a,2025-01-25 14:45:09
BTC,"5248.00","0.05244880",1NfQVes1hEPmSBvLYzZnU9u8wofuQ9AAtk,a63d5b8e02c6d3331dacc2b541d7446d1ff9b0b218d51fb44bb5480284686a45,2025-01-30 12:25:11
BTC,"5584.00","0.06119564",1NfQVes1hEPmSBvLYzZnU9u8wofuQ9AAtk,6f14144773ad75771ad6cfdb8b965977bfa2672702cb74793c3485c858072aff,2025-02-06 20:45:10
BTC,"5124.00","0.05500000",1NfQVes1hEPmSBvLYzZnU9u8wofuQ9AAtk,ed005c6658df7a09c0b18971ffd9c736c59d3dd4d826f7f17475dffe913d0aec,2025-02-11 10:45:06
BTC,"5202.00","0.05700000",1NfQVes1hEPmSBvLYzZnU9u8wofuQ9AAtk,4164e153319599e83f32165bc3756e3669087ae60197de877e9dc0a3e4a84fd2,2025-02-17 12:55:10
BTC,"5190.00","0.05652871",1NfQVes1hEPmSBvLYzZnU9u8wofuQ9AAtk,a3d9762f3be68ce50af071b0c65c67b87de13c203cff62a9ddb5bc79932ff5b8,2025-02-23 01:55:10
BTC,"5131.00","0.06274382",1NfQVes1hEPmSBvLYzZnU9u8wofuQ9AAtk,62d4c6ecf45b91d4835c1c0603aee594a1ae20887c345492bf9606e5560ec8fb,2025-03-01 23:35:07
BTC,"5163.00","0.06300000",1NfQVes1hEPmSBvLYzZnU9u8wofuQ9AAtk,"0e579ee37a44f3c2b24a21bb7e4e6453d32d51e28bf60bc414a368cd0ba1ea52",2025-03-08 21:21:08
BTC,"5199.00","0.06500000",1NfQVes1hEPmSBvLYzZnU9u8wofuQ9AAtk,bf0262abe727a70682b5aec52cbbbc50a77baca6b26a1b943e94b87e7bbe9cb7,2025-03-14 21:35:11
BTC,"5358.00","0.06700460",1NfQVes1hEPmSBvLYzZnU9u8wofuQ9AAtk,3c0dbd1581554563f648a814919457639bac1cfd9c7fa96f3ab7c9d9f3b7590b,2025-03-22 20:45:07
BTC,"5136.00","0.06254145",1NfQVes1hEPmSBvLYzZnU9u8wofuQ9AAtk,366d5a6820f961fb2a7065c33800b602f0fbb7011bdf96111b7faf8a31d03e96,2025-03-27 14:35:07
BTC,"5137.00","0.06241429",1NfQVes1hEPmSBvLYzZnU9u8wofuQ9AAtk,4680f9a4ce1c0c22e3d9185a4755898a2cf23a76ba11543772cd742377a039c4,2025-04-02 18:05:11
BTC,"5239.00","0.06996701",1NfQVes1hEPmSBvLYzZnU9u8wofuQ9AAtk,dc27286e9c74a7224d58974649a7909d30b2bb9c6d459941ef0dfbd8f42444ad,2025-04-07 21:15:13
BTC,"5415.00","0.06828007",1PjmGWKnJZLAEDp67Zu2SWrBDaWXPc5RHV,29fe087e46e6828cc13b1e4ad36f940c992fcdf232454992e82d898196b8fdd0,2025-04-13 21:55:08
BTC,"5139.00","0.06134918",1PjmGWKnJZLAEDp67Zu2SWrBDaWXPc5RHV,9bf2610c02681ab937d0137da628186a5823f1aa06d3f019eab9babbc16e3109,2025-04-21 15:55:13
BTC,"5202.00","0.05800000",1PjmGWKnJZLAEDp67Zu2SWrBDaWXPc5RHV,4e854758056eb2f8d7f816dbe00dd416bba8a96bef043f2db25dba3d4225f269,2025-04-26 16:35:11
BTC,"5122.00","0.05600000",1PjmGWKnJZLAEDp67Zu2SWrBDaWXPc5RHV,b512a418a9c61dc637bdaa32d2ebba5db97b6a3383a751c6fbd0976b5c6812a2,2025-05-03 22:05:06
BTC,"5283.00","0.05734597",1PjmGWKnJZLAEDp67Zu2SWrBDaWXPc5RHV,82733dc04ebf7f70e87ece03acdf74b037d4c2caa90bb836aeee345a0d2bff24,2025-05-07 10:05:12
BTC,"5232.00","0.05294838",1BDTAiVBnobq5EpwF5TUQgg4zhaW3rSjLP,f5f2c933c38cac1510368023c5b42c7cfda05173428ad73bc743e3b29dd63712,2025-05-16 20:45:07
BTC,"5125.00","0.04846940",1BDTAiVBnobq5EpwF5TUQgg4zhaW3rSjLP,bab80eafa4a2937673eb2d111aae46d3fe02777538951651af3aed688d64cf69,2025-05-23 02:15:09
BTC,"5332.00","0.05272316",1BDTAiVBnobq5EpwF5TUQgg4zhaW3rSjLP,c4587e31deba932bc155f2bff9e0cded4c3c57f3a0d95412d125573de40d1b21,2025-05-29 22:25:14
BTC,"5373.00","0.05382663",1BDTAiVBnobq5EpwF5TUQgg4zhaW3rSjLP,38b943ad80c8b8ea6e46a221dcade6af9df30b5484a89cf7423a4e3fa95cfb21,2025-06-04 20:35:09
BTC,"5307.00","0.05066147",1BDTAiVBnobq5EpwF5TUQgg4zhaW3rSjLP,aa8bde20c9fbee43e190b13aa84655f3dbf123e4998f1d1d40ef7ad59e68b469,2025-06-11 00:45:13
BTC,"5207.00","0.05197869",1BDTAiVBnobq5EpwF5TUQgg4zhaW3rSjLP,fdd30f3a0d93f1a1216f95e82f1ad847bdb28d9b5fce9b7a080d459a37cb67fd,2025-06-16 01:45:09
BTC,"5380.00","0.05513647",1BDTAiVBnobq5EpwF5TUQgg4zhaW3rSjLP,a6344dc2af6b18ee0abba28d9c6cce76c96cc3cd07a527dbd35f19724cce33dc,2025-06-23 15:05:11
BTC,"5340.00","0.05095823",1BDTAiVBnobq5EpwF5TUQgg4zhaW3rSjLP,1464db6411a87688e33974f09b14ae7a4eaae5c5477862e78460b61a7b9bd091,2025-07-03 16:15:10
BTC,"5362.00","0.04816005",1BDTAiVBnobq5EpwF5TUQgg4zhaW3rSjLP,e1d5e5bf3f5d432a935197ee1b6ca1e252a6f3bf4e1837b9e42dc62336657b7b,2025-07-11 00:45:10
LTC,"5156.00","52.50000000",LTqHR4dEpdZgeJv7b7pDY8Un4X3EKd9BDo,dee977e49306f3b6f0b628e62de927ec73a363d0b00ba0c2f132ae1167b995d5,2025-07-17 23:35:10
BTC,"5179.00","0.04653175",1BDTAiVBnobq5EpwF5TUQgg4zhaW3rSjLP,2c777cd2bb182fd20ea705ff231669d4fa261e99e677dad0b77f5a5a04b3f4b8,2025-07-25 10:55:11
LTC,"5404.00",51.14558346,LTqHR4dEpdZgeJv7b7pDY8Un4X3EKd9BDo,9ab144e55fca4753a3bc79acd9a3b297123913a5cf304cbb25194cc4dd7515d9,2025-07-30 18:55:08
BTC,"5857.00","0.05310788",1BDTAiVBnobq5EpwF5TUQgg4zhaW3rSjLP,597e1007c4d9843c01756feab8f7b979540e82c032044d4275672b4f5077f0b8,2025-08-01 17:35:09
BTC,"5622.00","0.05089373",1BDTAiVBnobq5EpwF5TUQgg4zhaW3rSjLP,b67df548e9d1d5a0eabcbbd224b14d790fb3e4c9ce82f5ed1c7a7fa2ac1043cd,2025-08-07 10:55:07
BTC,"5490.00","0.04767091",1BDTAiVBnobq5EpwF5TUQgg4zhaW3rSjLP,696e8583b24b86e7926b64166c77948b9d5b4a55ec4a13e2987142b47fe66fc0,2025-08-13 09:55:09
BTC,"5381.00","0.04966466",1BDTAiVBnobq5EpwF5TUQgg4zhaW3rSjLP,7477f9f7260b1efcb761059fc006cd7fcd195070ff9b076ef47972774009a57e,2025-08-20 14:45:07
BTC,"5222.00","0.04960827",1BDTAiVBnobq5EpwF5TUQgg4zhaW3rSjLP,25bebbbb4d98676d04c075fd11576572a2c9d8657987aa04375ba7e9c1030b30,2025-09-02 16:45:27
BTC,"5327.00","0.05040604",1BDTAiVBnobq5EpwF5TUQgg4zhaW3rSjLP,da85840e5e0f10bc8ff9300acc5fa12c9ec9fbc3dee50744c54b9db8ad3edc30,2025-09-07 12:55:08
BTC,"5508.00","0.05038177",1BDTAiVBnobq5EpwF5TUQgg4zhaW3rSjLP,c944bf8c4f2f2096c492a462000b74ded94623b61b97a23f2d8d4020f5b02691,2025-09-15 01:25:08
BTC,"5495.00","0.05136314",1BDTAiVBnobq5EpwF5TUQgg4zhaW3rSjLP,16a4f1ac69d950f55cb7f0684352cbc3c49c2d5c4c3471ae3c0f2a3c63842515,2025-09-22 08:15:08
BTC,"5886.00","0.05130036",1BDTAiVBnobq5EpwF5TUQgg4zhaW3rSjLP,4a9b37aa3c40ed55a202919fbf405e6692e1f1e12861d8a415cf949ca3dfcb91,2025-10-02 20:23:12